model,season,week,games,correct_picks,points,max_points,accuracy,confidence_points,brier_score,log_loss
ELO,2021,1,16,9,80,136,56.25,58.82,0.24351,0.67933
ELO + Recent form,2021,1,16,9,81,136,56.25,59.56,0.24377,0.67987
ELO + Recent form + Rest,2021,1,16,9,81,136,56.25,59.56,0.2438,0.67992
ELO + Rest,2021,1,16,9,80,136,56.25,58.82,0.24353,0.67936
Market,2021,1,16,7,74,136,43.75,54.41,0.26347,0.71603
Market + ELO,2021,1,16,7,74,136,43.75,54.41,0.26141,0.7115
Market + ELO + Recent form,2021,1,16,7,74,136,43.75,54.41,0.26002,0.70887
Market + ELO + Recent form + Rest,2021,1,16,7,74,136,43.75,54.41,0.26014,0.70912
Market + ELO + Rest,2021,1,16,7,74,136,43.75,54.41,0.26149,0.71166
Market + Recent form,2021,1,16,7,74,136,43.75,54.41,0.26185,0.71289
Market + Recent form + Rest,2021,1,16,7,74,136,43.75,54.41,0.26191,0.71302
Market + Rest,2021,1,16,7,74,136,43.75,54.41,0.26347,0.71603
Market baseline,2021,1,16,7,76,136,43.75,55.88,0.2572,0.70262
Recent form,2021,1,16,8,72,136,50.0,52.94,0.25213,0.69742
Recent form + Rest,2021,1,16,8,72,136,50.0,52.94,0.25214,0.69744
Rest,2021,1,16,8,72,136,50.0,52.94,0.25152,0.6962
ELO,2021,2,16,10,86,136,62.5,63.24,0.24021,0.67319
ELO + Recent form,2021,2,16,7,68,136,43.75,50.0,0.28929,0.79197
ELO + Recent form + Rest,2021,2,16,7,68,136,43.75,50.0,0.2892,0.79177
ELO + Rest,2021,2,16,10,85,136,62.5,62.5,0.24011,0.67295
Market,2021,2,16,11,102,136,68.75,75.0,0.20042,0.58291
Market + ELO,2021,2,16,11,102,136,68.75,75.0,0.20275,0.58807
Market + ELO + Recent form,2021,2,16,11,99,136,68.75,72.79,0.20878,0.60221
Market + ELO + Recent form + Rest,2021,2,16,11,100,136,68.75,73.53,0.20866,0.60194
Market + ELO + Rest,2021,2,16,11,103,136,68.75,75.74,0.2029,0.58843
Market + Recent form,2021,2,16,11,101,136,68.75,74.26,0.20724,0.5987
Market + Recent form + Rest,2021,2,16,11,101,136,68.75,74.26,0.20717,0.59854
Market + Rest,2021,2,16,11,103,136,68.75,75.74,0.20069,0.58353
Market baseline,2021,2,16,11,101,136,68.75,74.26,0.2008,0.58305
Recent form,2021,2,16,6,61,136,37.5,44.85,0.34911,0.92944
Recent form + Rest,2021,2,16,6,61,136,37.5,44.85,0.34909,0.92941
Rest,2021,2,16,8,60,136,50.0,44.12,0.25187,0.69689
ELO,2021,3,16,11,93,136,68.75,68.38,0.22536,0.6472
ELO + Recent form,2021,3,16,10,93,136,62.5,68.38,0.22312,0.63172
ELO + Recent form + Rest,2021,3,16,10,93,136,62.5,68.38,0.22357,0.63273
ELO + Rest,2021,3,16,11,93,136,68.75,68.38,0.22557,0.64766
Market,2021,3,16,9,105,136,56.25,77.21,0.19473,0.56813
Market + ELO,2021,3,16,9,105,136,56.25,77.21,0.19507,0.56944
Market + ELO + Recent form,2021,3,16,9,105,136,56.25,77.21,0.19633,0.57133
Market + ELO + Recent form + Rest,2021,3,16,9,105,136,56.25,77.21,0.19532,0.56913
Market + ELO + Rest,2021,3,16,9,105,136,56.25,77.21,0.19405,0.5672
Market + Recent form,2021,3,16,9,104,136,56.25,76.47,0.19613,0.57038
Market + Recent form + Rest,2021,3,16,9,104,136,56.25,76.47,0.195,0.56794
Market + Rest,2021,3,16,9,105,136,56.25,77.21,0.19359,0.56567
Market baseline,2021,3,16,9,105,136,56.25,77.21,0.19483,0.56975
Recent form,2021,3,16,9,86,136,56.25,63.24,0.23376,0.65636
Recent form + Rest,2021,3,16,9,86,136,56.25,63.24,0.23394,0.65682
Rest,2021,3,16,8,89,136,50.0,65.44,0.25101,0.69517
ELO,2021,4,16,8,80,136,50.0,58.82,0.25215,0.70764
ELO + Recent form,2021,4,16,8,74,136,50.0,54.41,0.26262,0.7309
ELO + Recent form + Rest,2021,4,16,8,73,136,50.0,53.68,0.263,0.73177
ELO + Rest,2021,4,16,8,80,136,50.0,58.82,0.25237,0.70812
Market,2021,4,16,10,95,136,62.5,69.85,0.22219,0.63133
Market + ELO,2021,4,16,11,94,136,68.75,69.12,0.22389,0.63681
Market + ELO + Recent form,2021,4,16,10,92,136,62.5,67.65,0.22634,0.64243
Market + ELO + Recent form + Rest,2021,4,16,10,93,136,62.5,68.38,0.22563,0.6407
Market + ELO + Rest,2021,4,16,11,94,136,68.75,69.12,0.22324,0.63521
Market + Recent form,2021,4,16,10,93,136,62.5,68.38,0.22504,0.63784
Market + Recent form + Rest,2021,4,16,10,94,136,62.5,69.12,0.2243,0.63611
Market + Rest,2021,4,16,10,95,136,62.5,69.85,0.22155,0.62982
Market baseline,2021,4,16,9,92,136,56.25,67.65,0.22432,0.63369
Recent form,2021,4,16,8,62,136,50.0,45.59,0.27895,0.75545
Recent form + Rest,2021,4,16,8,62,136,50.0,45.59,0.27911,0.75581
Rest,2021,4,16,7,66,136,43.75,48.53,0.25594,0.70504
ELO,2021,5,16,12,117,136,75.0,86.03,0.17684,0.53777
ELO + Recent form,2021,5,16,13,116,136,81.25,85.29,0.17505,0.53471
ELO + Recent form + Rest,2021,5,16,13,116,136,81.25,85.29,0.17529,0.53525
ELO + Rest,2021,5,16,12,117,136,75.0,86.03,0.17692,0.538
Market,2021,5,16,12,116,136,75.0,85.29,0.17407,0.52835
Market + ELO,2021,5,16,12,118,136,75.0,86.76,0.17021,0.52027
Market + ELO + Recent form,2021,5,16,12,118,136,75.0,86.76,0.17092,0.52162
Market + ELO + Recent form + Rest,2021,5,16,12,119,136,75.0,87.5,0.17031,0.52036
Market + ELO + Rest,2021,5,16,12,118,136,75.0,86.76,0.16961,0.51901
Market + Recent form,2021,5,16,12,116,136,75.0,85.29,0.17476,0.52966
Market + Recent form + Rest,2021,5,16,12,116,136,75.0,85.29,0.17386,0.52784
Market + Rest,2021,5,16,12,117,136,75.0,86.03,0.17316,0.5265
Market baseline,2021,5,16,12,112,136,75.0,82.35,0.17898,0.53887
Recent form,2021,5,16,11,96,136,68.75,70.59,0.21893,0.62812
Recent form + Rest,2021,5,16,11,96,136,68.75,70.59,0.21913,0.62852
Rest,2021,5,16,8,80,136,50.0,58.82,0.25098,0.69511
ELO,2021,6,14,10,76,105,71.43,72.38,0.20924,0.60805
ELO + Recent form,2021,6,14,9,76,105,64.29,72.38,0.21205,0.614
ELO + Recent form + Rest,2021,6,14,9,76,105,64.29,72.38,0.21236,0.61458
ELO + Rest,2021,6,14,9,75,105,64.29,71.43,0.2094,0.60835
Market,2021,6,14,10,87,105,71.43,82.86,0.18227,0.54803
Market + ELO,2021,6,14,10,87,105,71.43,82.86,0.18189,0.54658
Market + ELO + Recent form,2021,6,14,10,87,105,71.43,82.86,0.1833,0.55028
Market + ELO + Recent form + Rest,2021,6,14,10,87,105,71.43,82.86,0.18278,0.54921
Market + ELO + Rest,2021,6,14,10,87,105,71.43,82.86,0.18141,0.54562
Market + Recent form,2021,6,14,10,85,105,71.43,80.95,0.18383,0.55213
Market + Recent form + Rest,2021,6,14,10,86,105,71.43,81.9,0.18326,0.5509
Market + Rest,2021,6,14,10,87,105,71.43,82.86,0.18174,0.54693
Market baseline,2021,6,14,10,84,105,71.43,80.0,0.18753,0.56048
Recent form,2021,6,14,10,67,105,71.43,63.81,0.24329,0.68239
Recent form + Rest,2021,6,14,10,67,105,71.43,63.81,0.2434,0.6826
Rest,2021,6,14,5,49,105,35.71,46.67,0.26253,0.71826
ELO,2021,7,13,9,69,91,69.23,75.82,0.19952,0.58841
ELO + Recent form,2021,7,13,10,75,91,76.92,82.42,0.17604,0.5298
ELO + Recent form + Rest,2021,7,13,10,76,91,76.92,83.52,0.1758,0.52942
ELO + Rest,2021,7,13,9,69,91,69.23,75.82,0.19931,0.58807
Market,2021,7,13,8,68,91,61.54,74.73,0.20745,0.58967
Market + ELO,2021,7,13,9,68,91,69.23,74.73,0.20594,0.58691
Market + ELO + Recent form,2021,7,13,9,68,91,69.23,74.73,0.20282,0.57943
Market + ELO + Recent form + Rest,2021,7,13,9,68,91,69.23,74.73,0.20214,0.57811
Market + ELO + Rest,2021,7,13,9,68,91,69.23,74.73,0.20507,0.58513
Market + Recent form,2021,7,13,9,69,91,69.23,75.82,0.20392,0.58127
Market + Recent form + Rest,2021,7,13,9,68,91,69.23,74.73,0.20301,0.57952
Market + Rest,2021,7,13,8,67,91,61.54,73.63,0.20629,0.58732
Market baseline,2021,7,13,9,68,91,69.23,74.73,0.19937,0.56738
Recent form,2021,7,13,11,80,91,84.62,87.91,0.16632,0.5125
Recent form + Rest,2021,7,13,11,80,91,84.62,87.91,0.16631,0.51247
Rest,2021,7,13,9,62,91,69.23,68.13,0.23657,0.66624
ELO,2021,8,15,10,94,120,66.67,78.33,0.19487,0.57222
ELO + Recent form,2021,8,15,9,85,120,60.0,70.83,0.21245,0.60884
ELO + Recent form + Rest,2021,8,15,9,84,120,60.0,70.0,0.21287,0.60965
ELO + Rest,2021,8,15,10,94,120,66.67,78.33,0.19499,0.57251
Market,2021,8,15,7,66,120,46.67,55.0,0.27746,0.75136
Market + ELO,2021,8,15,7,69,120,46.67,57.5,0.26915,0.73139
Market + ELO + Recent form,2021,8,15,7,69,120,46.67,57.5,0.26894,0.73192
Market + ELO + Recent form + Rest,2021,8,15,7,69,120,46.67,57.5,0.268,0.7303
Market + ELO + Rest,2021,8,15,7,69,120,46.67,57.5,0.26816,0.72972
Market + Recent form,2021,8,15,7,66,120,46.67,55.0,0.27686,0.75113
Market + Recent form + Rest,2021,8,15,7,67,120,46.67,55.83,0.2754,0.74845
Market + Rest,2021,8,15,7,66,120,46.67,55.0,0.2759,0.74851
Market baseline,2021,8,15,7,66,120,46.67,55.0,0.27455,0.74088
Recent form,2021,8,15,8,65,120,53.33,54.17,0.25665,0.7075
Recent form + Rest,2021,8,15,8,65,120,53.33,54.17,0.25691,0.70796
Rest,2021,8,15,6,55,120,40.0,45.83,0.25905,0.71128
ELO,2021,9,14,8,54,105,57.14,51.43,0.28607,0.78646
ELO + Recent form,2021,9,14,6,53,105,42.86,50.48,0.29933,0.82447
ELO + Recent form + Rest,2021,9,14,6,53,105,42.86,50.48,0.30021,0.82631
ELO + Rest,2021,9,14,8,54,105,57.14,51.43,0.28649,0.78737
Market,2021,9,14,7,50,105,50.0,47.62,0.3109,0.8484
Market + ELO,2021,9,14,7,49,105,50.0,46.67,0.31103,0.8511
Market + ELO + Recent form,2021,9,14,7,50,105,50.0,47.62,0.31079,0.85185
Market + ELO + Recent form + Rest,2021,9,14,7,49,105,50.0,46.67,0.30982,0.8499
Market + ELO + Rest,2021,9,14,7,49,105,50.0,46.67,0.31001,0.84914
Market + Recent form,2021,9,14,7,50,105,50.0,47.62,0.31065,0.84917
Market + Recent form + Rest,2021,9,14,7,49,105,50.0,46.67,0.30965,0.84733
Market + Rest,2021,9,14,7,49,105,50.0,46.67,0.30985,0.84657
Market baseline,2021,9,14,7,50,105,50.0,47.62,0.31385,0.86037
Recent form,2021,9,14,6,50,105,42.86,47.62,0.28913,0.78352
Recent form + Rest,2021,9,14,6,51,105,42.86,48.57,0.28936,0.78397
Rest,2021,9,14,7,54,105,50.0,51.43,0.25141,0.69596
ELO,2021,10,13,7,47,91,53.85,51.65,0.26825,0.73146
ELO + Recent form,2021,10,13,7,50,91,53.85,54.95,0.28127,0.76974
ELO + Recent form + Rest,2021,10,13,7,50,91,53.85,54.95,0.28171,0.77074
ELO + Rest,2021,10,13,7,47,91,53.85,51.65,0.26846,0.73193
Market,2021,10,13,8,47,91,61.54,51.65,0.28692,0.78291
Market + ELO,2021,10,13,7,46,91,53.85,50.55,0.28834,0.78693
Market + ELO + Recent form,2021,10,13,7,46,91,53.85,50.55,0.28917,0.79005
Market + ELO + Recent form + Rest,2021,10,13,7,47,91,53.85,51.65,0.28829,0.78817
Market + ELO + Rest,2021,10,13,7,47,91,53.85,51.65,0.28745,0.78508
Market + Recent form,2021,10,13,8,47,91,61.54,51.65,0.28789,0.78641
Market + Recent form + Rest,2021,10,13,8,48,91,61.54,52.75,0.28694,0.78442
Market + Rest,2021,10,13,8,48,91,61.54,52.75,0.28596,0.78096
Market baseline,2021,10,13,7,48,91,53.85,52.75,0.27966,0.76195
Recent form,2021,10,13,7,50,91,53.85,54.95,0.26781,0.7363
Recent form + Rest,2021,10,13,7,50,91,53.85,54.95,0.26804,0.73677
Rest,2021,10,13,8,51,91,61.54,56.04,0.2418,0.67671
ELO,2021,11,15,7,64,120,46.67,53.33,0.2789,0.75997
ELO + Recent form,2021,11,15,8,77,120,53.33,64.17,0.25888,0.72529
ELO + Recent form + Rest,2021,11,15,8,76,120,53.33,63.33,0.25801,0.72262
ELO + Rest,2021,11,15,7,64,120,46.67,53.33,0.27836,0.75851
Market,2021,11,15,10,85,120,66.67,70.83,0.21527,0.62125
Market + ELO,2021,11,15,10,83,120,66.67,69.17,0.21999,0.6319
Market + ELO + Recent form,2021,11,15,10,82,120,66.67,68.33,0.21984,0.63232
Market + ELO + Recent form + Rest,2021,11,15,10,81,120,66.67,67.5,0.22165,0.63701
Market + ELO + Rest,2021,11,15,10,83,120,66.67,69.17,0.22198,0.63693
Market + Recent form,2021,11,15,10,86,120,66.67,71.67,0.21533,0.62212
Market + Recent form + Rest,2021,11,15,10,85,120,66.67,70.83,0.21749,0.62758
Market + Rest,2021,11,15,10,85,120,66.67,70.83,0.21766,0.62714
Market baseline,2021,11,15,10,84,120,66.67,70.0,0.2201,0.6329
Recent form,2021,11,15,9,81,120,60.0,67.5,0.23473,0.6691
Recent form + Rest,2021,11,15,9,81,120,60.0,67.5,0.23447,0.66832
Rest,2021,11,15,6,56,120,40.0,46.67,0.26003,0.71327
ELO,2021,12,15,6,62,120,40.0,51.67,0.25919,0.7108
ELO + Recent form,2021,12,15,8,64,120,53.33,53.33,0.25349,0.70069
ELO + Recent form + Rest,2021,12,15,8,64,120,53.33,53.33,0.25304,0.69983
ELO + Rest,2021,12,15,6,60,120,40.0,50.0,0.25885,0.71014
Market,2021,12,15,8,71,120,53.33,59.17,0.24973,0.69363
Market + ELO,2021,12,15,8,73,120,53.33,60.83,0.24911,0.69281
Market + ELO + Recent form,2021,12,15,8,74,120,53.33,61.67,0.249,0.69284
Market + ELO + Recent form + Rest,2021,12,15,8,71,120,53.33,59.17,0.24983,0.69465
Market + ELO + Rest,2021,12,15,8,71,120,53.33,59.17,0.25001,0.69482
Market + Recent form,2021,12,15,8,72,120,53.33,60.0,0.24959,0.69365
Market + Recent form + Rest,2021,12,15,8,69,120,53.33,57.5,0.25047,0.69557
Market + Rest,2021,12,15,8,69,120,53.33,57.5,0.25068,0.69577
Market baseline,2021,12,15,8,70,120,53.33,58.33,0.24487,0.68368
Recent form,2021,12,15,8,65,120,53.33,54.17,0.2505,0.6938
Recent form + Rest,2021,12,15,8,66,120,53.33,55.0,0.25042,0.69362
Rest,2021,12,15,9,80,120,60.0,66.67,0.24419,0.6815
ELO,2021,13,14,9,68,105,64.29,64.76,0.22874,0.64588
ELO + Recent form,2021,13,14,8,76,105,57.14,72.38,0.20367,0.59208
ELO + Recent form + Rest,2021,13,14,8,76,105,57.14,72.38,0.20362,0.59162
ELO + Rest,2021,13,14,9,68,105,64.29,64.76,0.22878,0.6458
Market,2021,13,14,8,81,105,57.14,77.14,0.19803,0.57353
Market + ELO,2021,13,14,8,81,105,57.14,77.14,0.19894,0.57598
Market + ELO + Recent form,2021,13,14,8,81,105,57.14,77.14,0.19753,0.57275
Market + ELO + Recent form + Rest,2021,13,14,8,80,105,57.14,76.19,0.19715,0.57305
Market + ELO + Rest,2021,13,14,8,80,105,57.14,76.19,0.19843,0.57608
Market + Recent form,2021,13,14,8,81,105,57.14,77.14,0.19658,0.57024
Market + Recent form + Rest,2021,13,14,8,80,105,57.14,76.19,0.19627,0.57076
Market + Rest,2021,13,14,8,80,105,57.14,76.19,0.19758,0.57384
Market baseline,2021,13,14,8,81,105,57.14,77.14,0.19503,0.56667
Recent form,2021,13,14,11,82,105,78.57,78.1,0.20008,0.591
Recent form + Rest,2021,13,14,11,82,105,78.57,78.1,0.19989,0.5906
Rest,2021,13,14,6,49,105,42.86,46.67,0.2576,0.70839
ELO,2021,14,14,10,89,105,71.43,84.76,0.16802,0.51376
ELO + Recent form,2021,14,14,11,89,105,78.57,84.76,0.16802,0.51311
ELO + Recent form + Rest,2021,14,14,11,89,105,78.57,84.76,0.16718,0.51097
ELO + Rest,2021,14,14,10,89,105,71.43,84.76,0.16755,0.5125
Market,2021,14,14,12,100,105,85.71,95.24,0.12428,0.41742
Market + ELO,2021,14,14,12,99,105,85.71,94.29,0.12408,0.41594
Market + ELO + Recent form,2021,14,14,12,99,105,85.71,94.29,0.12557,0.41922
Market + ELO + Recent form + Rest,2021,14,14,12,99,105,85.71,94.29,0.12655,0.42224
Market + ELO + Rest,2021,14,14,12,99,105,85.71,94.29,0.12519,0.41932
Market + Recent form,2021,14,14,12,100,105,85.71,95.24,0.1259,0.42095
Market + Recent form + Rest,2021,14,14,12,100,105,85.71,95.24,0.12702,0.42429
Market + Rest,2021,14,14,12,100,105,85.71,95.24,0.12555,0.42118
Market baseline,2021,14,14,12,99,105,85.71,94.29,0.12928,0.42796
Recent form,2021,14,14,9,78,105,64.29,74.29,0.20346,0.59554
Recent form + Rest,2021,14,14,9,79,105,64.29,75.24,0.20293,0.5945
Rest,2021,14,14,8,47,105,57.14,44.76,0.24787,0.68889
ELO,2021,15,16,10,92,136,62.5,67.65,0.22595,0.64453
ELO + Recent form,2021,15,16,10,91,136,62.5,66.91,0.22881,0.64532
ELO + Recent form + Rest,2021,15,16,10,91,136,62.5,66.91,0.22768,0.64279
ELO + Rest,2021,15,16,10,94,136,62.5,69.12,0.22524,0.64298
Market,2021,15,16,11,97,136,68.75,71.32,0.20743,0.60988
Market + ELO,2021,15,16,11,97,136,68.75,71.32,0.20742,0.60984
Market + ELO + Recent form,2021,15,16,11,96,136,68.75,70.59,0.20803,0.60992
Market + ELO + Recent form + Rest,2021,15,16,10,94,136,62.5,69.12,0.20959,0.61413
Market + ELO + Rest,2021,15,16,11,96,136,68.75,70.59,0.20913,0.61438
Market + Recent form,2021,15,16,11,95,136,68.75,69.85,0.20798,0.60975
Market + Recent form + Rest,2021,15,16,11,95,136,68.75,69.85,0.2097,0.6144
Market + Rest,2021,15,16,11,96,136,68.75,70.59,0.20932,0.6149
Market baseline,2021,15,16,12,98,136,75.0,72.06,0.2103,0.61677
Recent form,2021,15,16,10,86,136,62.5,63.24,0.23297,0.65559
Recent form + Rest,2021,15,16,10,86,136,62.5,63.24,0.23254,0.65464
Rest,2021,15,16,8,48,136,50.0,35.29,0.25324,0.69966
ELO,2021,16,16,10,96,136,62.5,70.59,0.21559,0.62061
ELO + Recent form,2021,16,16,11,99,136,68.75,72.79,0.20783,0.59946
ELO + Recent form + Rest,2021,16,16,11,99,136,68.75,72.79,0.20808,0.59997
ELO + Rest,2021,16,16,10,95,136,62.5,69.85,0.21569,0.62082
Market,2021,16,16,10,99,136,62.5,72.79,0.21063,0.61382
Market + ELO,2021,16,16,10,98,136,62.5,72.06,0.20866,0.60947
Market + ELO + Recent form,2021,16,16,10,98,136,62.5,72.06,0.20812,0.60758
Market + ELO + Recent form + Rest,2021,16,16,10,98,136,62.5,72.06,0.20785,0.60644
Market + ELO + Rest,2021,16,16,10,98,136,62.5,72.06,0.20836,0.60819
Market + Recent form,2021,16,16,10,98,136,62.5,72.06,0.20998,0.61159
Market + Recent form + Rest,2021,16,16,10,98,136,62.5,72.06,0.20961,0.61019
Market + Rest,2021,16,16,10,99,136,62.5,72.79,0.21023,0.61224
Market baseline,2021,16,16,10,98,136,62.5,72.06,0.20938,0.61038
Recent form,2021,16,16,9,98,136,56.25,72.06,0.21908,0.62474
Recent form + Rest,2021,16,16,9,98,136,56.25,72.06,0.21916,0.62489
Rest,2021,16,16,10,84,136,62.5,61.76,0.24177,0.67666
ELO,2021,17,16,13,113,136,81.25,83.09,0.17119,0.52415
ELO + Recent form,2021,17,16,13,105,136,81.25,77.21,0.19073,0.56669
ELO + Recent form + Rest,2021,17,16,13,105,136,81.25,77.21,0.19033,0.56585
ELO + Rest,2021,17,16,13,113,136,81.25,83.09,0.17102,0.52375
Market,2021,17,16,12,118,136,75.0,86.76,0.15707,0.48355
Market + ELO,2021,17,16,12,118,136,75.0,86.76,0.15661,0.48194
Market + ELO + Recent form,2021,17,16,12,118,136,75.0,86.76,0.15983,0.48968
Market + ELO + Recent form + Rest,2021,17,16,12,118,136,75.0,86.76,0.16021,0.49054
Market + ELO + Rest,2021,17,16,12,118,136,75.0,86.76,0.15712,0.48314
Market + Recent form,2021,17,16,12,117,136,75.0,86.03,0.1606,0.49202
Market + Recent form + Rest,2021,17,16,12,117,136,75.0,86.03,0.16102,0.49291
Market + Rest,2021,17,16,12,118,136,75.0,86.76,0.15764,0.48484
Market baseline,2021,17,16,12,117,136,75.0,86.03,0.15321,0.4731
Recent form,2021,17,16,10,91,136,62.5,66.91,0.23068,0.6573
Recent form + Rest,2021,17,16,10,91,136,62.5,66.91,0.23048,0.65688
Rest,2021,17,16,11,93,136,68.75,68.38,0.23738,0.66785
ELO,2021,18,16,10,83,136,62.5,61.03,0.25562,0.72428
ELO + Recent form,2021,18,16,10,81,136,62.5,59.56,0.26051,0.74092
ELO + Recent form + Rest,2021,18,16,10,81,136,62.5,59.56,0.2607,0.74133
ELO + Rest,2021,18,16,10,83,136,62.5,61.03,0.25572,0.72449
Market,2021,18,16,9,93,136,56.25,68.38,0.24365,0.68439
Market + ELO,2021,18,16,9,91,136,56.25,66.91,0.2463,0.69156
Market + ELO + Recent form,2021,18,16,9,89,136,56.25,65.44,0.24696,0.69414
Market + ELO + Recent form + Rest,2021,18,16,9,90,136,56.25,66.18,0.24661,0.69335
Market + ELO + Rest,2021,18,16,9,91,136,56.25,66.91,0.24595,0.69084
Market + Recent form,2021,18,16,9,93,136,56.25,68.38,0.24447,0.68731
Market + Recent form + Rest,2021,18,16,9,93,136,56.25,68.38,0.24418,0.68673
Market + Rest,2021,18,16,9,93,136,56.25,68.38,0.24338,0.68392
Market baseline,2021,18,16,9,95,136,56.25,69.85,0.23951,0.67695
Recent form,2021,18,16,9,79,136,56.25,58.09,0.25273,0.70218
Recent form + Rest,2021,18,16,9,79,136,56.25,58.09,0.2528,0.70232
Rest,2021,18,16,8,86,136,50.0,63.24,0.25135,0.69585
ELO,2022,1,15,10,83,120,66.67,69.17,0.22469,0.64505
ELO + Recent form,2022,1,15,11,85,120,73.33,70.83,0.22935,0.65321
ELO + Recent form + Rest,2022,1,15,11,85,120,73.33,70.83,0.22938,0.6533
ELO + Rest,2022,1,15,10,83,120,66.67,69.17,0.22472,0.64515
Market,2022,1,15,10,73,120,66.67,60.83,0.24759,0.69269
Market + ELO,2022,1,15,10,79,120,66.67,65.83,0.24413,0.68361
Market + ELO + Recent form,2022,1,15,10,79,120,66.67,65.83,0.24457,0.68479
Market + ELO + Recent form + Rest,2022,1,15,10,79,120,66.67,65.83,0.24469,0.68509
Market + ELO + Rest,2022,1,15,10,79,120,66.67,65.83,0.24423,0.68386
Market + Recent form,2022,1,15,10,73,120,66.67,60.83,0.24803,0.69402
Market + Recent form + Rest,2022,1,15,10,73,120,66.67,60.83,0.24805,0.69407
Market + Rest,2022,1,15,10,73,120,66.67,60.83,0.24758,0.69268
Market baseline,2022,1,15,10,69,120,66.67,57.5,0.24974,0.69697
Recent form,2022,1,15,6,58,120,40.0,48.33,0.25931,0.7118
Recent form + Rest,2022,1,15,6,58,120,40.0,48.33,0.25937,0.71194
Rest,2022,1,15,6,58,120,40.0,48.33,0.25783,0.70884
ELO,2022,2,16,9,75,136,56.25,55.15,0.25398,0.70351
ELO + Recent form,2022,2,16,8,57,136,50.0,41.91,0.28849,0.77695
ELO + Recent form + Rest,2022,2,16,8,58,136,50.0,42.65,0.28764,0.77516
ELO + Rest,2022,2,16,9,76,136,56.25,55.88,0.25319,0.70178
Market,2022,2,16,9,89,136,56.25,65.44,0.23321,0.65478
Market + ELO,2022,2,16,9,90,136,56.25,66.18,0.23463,0.6572
Market + ELO + Recent form,2022,2,16,9,90,136,56.25,66.18,0.23155,0.64952
Market + ELO + Recent form + Rest,2022,2,16,9,90,136,56.25,66.18,0.23177,0.65014
Market + ELO + Rest,2022,2,16,9,89,136,56.25,65.44,0.23491,0.65798
Market + Recent form,2022,2,16,9,90,136,56.25,66.18,0.23049,0.64796
Market + Recent form + Rest,2022,2,16,9,90,136,56.25,66.18,0.23078,0.64878
Market + Rest,2022,2,16,9,88,136,56.25,64.71,0.2336,0.65582
Market baseline,2022,2,16,9,90,136,56.25,66.18,0.22653,0.63807
Recent form,2022,2,16,5,44,136,31.25,32.35,0.32472,0.85151
Recent form + Rest,2022,2,16,5,45,136,31.25,33.09,0.32417,0.85023
Rest,2022,2,16,11,102,136,68.75,75.0,0.23803,0.66917
ELO,2022,3,16,7,58,136,43.75,42.65,0.28732,0.7741
ELO + Recent form,2022,3,16,8,51,136,50.0,37.5,0.29299,0.78547
ELO + Recent form + Rest,2022,3,16,8,48,136,50.0,35.29,0.29442,0.78885
ELO + Rest,2022,3,16,7,58,136,43.75,42.65,0.2889,0.77789
Market,2022,3,16,8,81,136,50.0,59.56,0.24575,0.6842
Market + ELO,2022,3,16,8,81,136,50.0,59.56,0.24972,0.69299
Market + ELO + Recent form,2022,3,16,8,80,136,50.0,58.82,0.24759,0.68842
Market + ELO + Recent form + Rest,2022,3,16,8,80,136,50.0,58.82,0.24644,0.68573
Market + ELO + Rest,2022,3,16,8,81,136,50.0,59.56,0.24868,0.69056
Market + Recent form,2022,3,16,8,82,136,50.0,60.29,0.24369,0.67973
Market + Recent form + Rest,2022,3,16,8,82,136,50.0,60.29,0.24243,0.67684
Market + Rest,2022,3,16,8,81,136,50.0,59.56,0.24462,0.68159
Market baseline,2022,3,16,7,79,136,43.75,58.09,0.24328,0.67907
Recent form,2022,3,16,9,60,136,56.25,44.12,0.28676,0.77246
Recent form + Rest,2022,3,16,9,60,136,56.25,44.12,0.28757,0.77426
Rest,2022,3,16,8,47,136,50.0,34.56,0.25187,0.6969
ELO,2022,4,16,10,88,136,62.5,64.71,0.23537,0.66446
ELO + Recent form,2022,4,16,9,80,136,56.25,58.82,0.24228,0.67874
ELO + Recent form + Rest,2022,4,16,9,80,136,56.25,58.82,0.24372,0.68203
ELO + Rest,2022,4,16,10,88,136,62.5,64.71,0.23695,0.66814
Market,2022,4,16,11,101,136,68.75,74.26,0.20744,0.60281
Market + ELO,2022,4,16,11,101,136,68.75,74.26,0.20714,0.6022
Market + ELO + Recent form,2022,4,16,11,103,136,68.75,75.74,0.20526,0.5981
Market + ELO + Recent form + Rest,2022,4,16,11,104,136,68.75,76.47,0.20411,0.59571
Market + ELO + Rest,2022,4,16,11,102,136,68.75,75.0,0.20609,0.60002
Market + Recent form,2022,4,16,11,100,136,68.75,73.53,0.20575,0.59912
Market + Recent form + Rest,2022,4,16,11,101,136,68.75,74.26,0.20436,0.59626
Market + Rest,2022,4,16,11,102,136,68.75,75.0,0.20617,0.60021
Market baseline,2022,4,16,10,99,136,62.5,72.79,0.21044,0.60947
Recent form,2022,4,16,8,59,136,50.0,43.38,0.26729,0.72865
Recent form + Rest,2022,4,16,8,59,136,50.0,43.38,0.26816,0.73044
Rest,2022,4,16,8,60,136,50.0,44.12,0.25186,0.69687
ELO,2022,5,16,10,96,136,62.5,70.59,0.21631,0.62797
ELO + Recent form,2022,5,16,10,93,136,62.5,68.38,0.21892,0.63038
ELO + Recent form + Rest,2022,5,16,10,92,136,62.5,67.65,0.21989,0.63258
ELO + Rest,2022,5,16,10,97,136,62.5,71.32,0.21734,0.63033
Market,2022,5,16,11,93,136,68.75,68.38,0.22419,0.63825
Market + ELO,2022,5,16,11,94,136,68.75,69.12,0.22182,0.63397
Market + ELO + Recent form,2022,5,16,11,95,136,68.75,69.85,0.2213,0.63325
Market + ELO + Recent form + Rest,2022,5,16,11,94,136,68.75,69.12,0.22067,0.63186
Market + ELO + Rest,2022,5,16,11,94,136,68.75,69.12,0.22123,0.63266
Market + Recent form,2022,5,16,11,93,136,68.75,68.38,0.22378,0.63764
Market + Recent form + Rest,2022,5,16,11,92,136,68.75,67.65,0.22293,0.63583
Market + Rest,2022,5,16,11,93,136,68.75,68.38,0.22339,0.63653
Market baseline,2022,5,16,11,94,136,68.75,69.12,0.227,0.64391
Recent form,2022,5,16,9,84,136,56.25,61.76,0.24326,0.67964
Recent form + Rest,2022,5,16,9,82,136,56.25,60.29,0.24391,0.68094
Rest,2022,5,16,8,66,136,50.0,48.53,0.25165,0.69645
ELO,2022,6,14,6,44,105,42.86,41.9,0.28484,0.76775
ELO + Recent form,2022,6,14,7,46,105,50.0,43.81,0.27987,0.75677
ELO + Recent form + Rest,2022,6,14,7,45,105,50.0,42.86,0.27977,0.75654
ELO + Rest,2022,6,14,6,43,105,42.86,40.95,0.28483,0.76766
Market,2022,6,14,8,54,105,57.14,51.43,0.27868,0.76232
Market + ELO,2022,6,14,8,53,105,57.14,50.48,0.27947,0.76452
Market + ELO + Recent form,2022,6,14,8,55,105,57.14,52.38,0.27943,0.76484
Market + ELO + Recent form + Rest,2022,6,14,8,54,105,57.14,51.43,0.2797,0.76541
Market + ELO + Rest,2022,6,14,8,52,105,57.14,49.52,0.27973,0.76507
Market + Recent form,2022,6,14,8,53,105,57.14,50.48,0.27858,0.7624
Market + Recent form + Rest,2022,6,14,8,53,105,57.14,50.48,0.27897,0.76325
Market + Rest,2022,6,14,8,54,105,57.14,51.43,0.27906,0.76312
Market baseline,2022,6,14,8,55,105,57.14,52.38,0.27479,0.75164
Recent form,2022,6,14,8,46,105,57.14,43.81,0.26384,0.72134
Recent form + Rest,2022,6,14,8,46,105,57.14,43.81,0.26365,0.72093
Rest,2022,6,14,8,74,105,57.14,70.48,0.24622,0.68558
ELO,2022,7,14,8,61,105,57.14,58.1,0.24854,0.69382
ELO + Recent form,2022,7,14,10,66,105,71.43,62.86,0.25317,0.70433
ELO + Recent form + Rest,2022,7,14,10,66,105,71.43,62.86,0.25087,0.69943
ELO + Rest,2022,7,14,8,62,105,57.14,59.05,0.24609,0.68866
Market,2022,7,14,9,60,105,64.29,57.14,0.26719,0.74475
Market + ELO,2022,7,14,9,60,105,64.29,57.14,0.26571,0.74283
Market + ELO + Recent form,2022,7,14,9,60,105,64.29,57.14,0.26537,0.74264
Market + ELO + Recent form + Rest,2022,7,14,9,60,105,64.29,57.14,0.26715,0.74663
Market + ELO + Rest,2022,7,14,9,60,105,64.29,57.14,0.2674,0.74663
Market + Recent form,2022,7,14,9,60,105,64.29,57.14,0.26691,0.74458
Market + Recent form + Rest,2022,7,14,9,60,105,64.29,57.14,0.26899,0.74927
Market + Rest,2022,7,14,9,60,105,64.29,57.14,0.26918,0.74926
Market baseline,2022,7,14,9,60,105,64.29,57.14,0.26763,0.74658
Recent form,2022,7,14,8,57,105,57.14,54.29,0.25532,0.70548
Recent form + Rest,2022,7,14,8,58,105,57.14,55.24,0.2541,0.70299
Rest,2022,7,14,9,74,105,64.29,70.48,0.2408,0.67471
ELO,2022,8,15,11,95,120,73.33,79.17,0.19441,0.57748
ELO + Recent form,2022,8,15,11,96,120,73.33,80.0,0.19849,0.5852
ELO + Recent form + Rest,2022,8,15,11,95,120,73.33,79.17,0.19774,0.58321
ELO + Rest,2022,8,15,11,93,120,73.33,77.5,0.19294,0.57441
Market,2022,8,15,11,97,120,73.33,80.83,0.1877,0.55912
Market + ELO,2022,8,15,11,98,120,73.33,81.67,0.18509,0.55385
Market + ELO + Recent form,2022,8,15,11,99,120,73.33,82.5,0.18381,0.55132
Market + ELO + Recent form + Rest,2022,8,15,11,99,120,73.33,82.5,0.18428,0.55286
Market + ELO + Rest,2022,8,15,11,98,120,73.33,81.67,0.18554,0.55533
Market + Recent form,2022,8,15,11,97,120,73.33,80.83,0.18658,0.55695
Market + Recent form + Rest,2022,8,15,11,99,120,73.33,82.5,0.18706,0.55865
Market + Rest,2022,8,15,11,97,120,73.33,80.83,0.18817,0.56078
Market baseline,2022,8,15,9,94,120,60.0,78.33,0.1902,0.56276
Recent form,2022,8,15,8,69,120,53.33,57.5,0.23707,0.66367
Recent form + Rest,2022,8,15,8,67,120,53.33,55.83,0.23666,0.66244
Rest,2022,8,15,8,78,120,53.33,65.0,0.24773,0.6886
ELO,2022,9,13,9,55,91,69.23,60.44,0.262,0.72935
ELO + Recent form,2022,9,13,8,55,91,61.54,60.44,0.25262,0.70231
ELO + Recent form + Rest,2022,9,13,8,56,91,61.54,61.54,0.24882,0.69463
ELO + Rest,2022,9,13,10,56,91,76.92,61.54,0.25808,0.72136
Market,2022,9,13,9,68,91,69.23,74.73,0.20953,0.61217
Market + ELO,2022,9,13,9,65,91,69.23,71.43,0.21458,0.62449
Market + ELO + Recent form,2022,9,13,9,65,91,69.23,71.43,0.21481,0.626
Market + ELO + Recent form + Rest,2022,9,13,9,64,91,69.23,70.33,0.2165,0.62979
Market + ELO + Rest,2022,9,13,9,64,91,69.23,70.33,0.21622,0.62813
Market + Recent form,2022,9,13,9,68,91,69.23,74.73,0.20964,0.61317
Market + Recent form + Rest,2022,9,13,9,67,91,69.23,73.63,0.21184,0.61816
Market + Rest,2022,9,13,9,67,91,69.23,73.63,0.21168,0.61698
Market baseline,2022,9,13,9,68,91,69.23,74.73,0.20917,0.6083
Recent form,2022,9,13,8,58,91,61.54,63.74,0.23153,0.65499
Recent form + Rest,2022,9,13,8,59,91,61.54,64.84,0.22901,0.64987
Rest,2022,9,13,7,58,91,53.85,63.74,0.24639,0.68591
ELO,2022,10,14,8,62,105,57.14,59.05,0.24647,0.68124
ELO + Recent form,2022,10,14,5,51,105,35.71,48.57,0.27001,0.73017
ELO + Recent form + Rest,2022,10,14,5,49,105,35.71,46.67,0.27043,0.7317
ELO + Rest,2022,10,14,7,59,105,50.0,56.19,0.2468,0.68254
Market,2022,10,14,7,46,105,50.0,43.81,0.29232,0.78566
Market + ELO,2022,10,14,7,47,105,50.0,44.76,0.28926,0.77884
Market + ELO + Recent form,2022,10,14,7,47,105,50.0,44.76,0.2876,0.77537
Market + ELO + Recent form + Rest,2022,10,14,6,48,105,42.86,45.71,0.28655,0.77276
Market + ELO + Rest,2022,10,14,6,48,105,42.86,45.71,0.28833,0.77647
Market + Recent form,2022,10,14,7,46,105,50.0,43.81,0.29095,0.78275
Market + Recent form + Rest,2022,10,14,6,46,105,42.86,43.81,0.28946,0.77915
Market + Rest,2022,10,14,6,46,105,42.86,43.81,0.29098,0.78235
Market baseline,2022,10,14,7,49,105,50.0,46.67,0.2871,0.77655
Recent form,2022,10,14,5,39,105,35.71,37.14,0.28629,0.7677
Recent form + Rest,2022,10,14,5,40,105,35.71,38.1,0.28682,0.769
Rest,2022,10,14,9,62,105,64.29,59.05,0.24203,0.67717
ELO,2022,11,14,11,80,105,78.57,76.19,0.2074,0.60256
ELO + Recent form,2022,11,14,12,87,105,85.71,82.86,0.19356,0.57506
ELO + Recent form + Rest,2022,11,14,12,87,105,85.71,82.86,0.19191,0.57163
ELO + Rest,2022,11,14,11,81,105,78.57,77.14,0.2054,0.59832
Market,2022,11,14,11,91,105,78.57,86.67,0.16661,0.51265
Market + ELO,2022,11,14,11,91,105,78.57,86.67,0.16634,0.51212
Market + ELO + Recent form,2022,11,14,11,91,105,78.57,86.67,0.16695,0.51323
Market + ELO + Recent form + Rest,2022,11,14,11,91,105,78.57,86.67,0.16784,0.51518
Market + ELO + Rest,2022,11,14,11,91,105,78.57,86.67,0.16716,0.51392
Market + Recent form,2022,11,14,11,91,105,78.57,86.67,0.16719,0.51374
Market + Recent form + Rest,2022,11,14,11,92,105,78.57,87.62,0.16822,0.51603
Market + Rest,2022,11,14,11,91,105,78.57,86.67,0.16758,0.5148
Market baseline,2022,11,14,11,88,105,78.57,83.81,0.17401,0.52835
Recent form,2022,11,14,11,86,105,78.57,81.9,0.20832,0.60858
Recent form + Rest,2022,11,14,11,86,105,78.57,81.9,0.20743,0.6067
Rest,2022,11,14,5,39,105,35.71,37.14,0.25956,0.7123
ELO,2022,12,16,10,85,136,62.5,62.5,0.23972,0.67395
ELO + Recent form,2022,12,16,10,88,136,62.5,64.71,0.23128,0.65404
ELO + Recent form + Rest,2022,12,16,10,88,136,62.5,64.71,0.23339,0.65777
ELO + Rest,2022,12,16,10,86,136,62.5,63.24,0.24209,0.6779
Market,2022,12,16,11,106,136,68.75,77.94,0.18171,0.53881
Market + ELO,2022,12,16,10,106,136,62.5,77.94,0.18666,0.54922
Market + ELO + Recent form,2022,12,16,11,107,136,68.75,78.68,0.18623,0.54816
Market + ELO + Recent form + Rest,2022,12,16,11,107,136,68.75,78.68,0.18471,0.54518
Market + ELO + Rest,2022,12,16,11,107,136,68.75,78.68,0.18523,0.5464
Market + Recent form,2022,12,16,11,107,136,68.75,78.68,0.18119,0.53759
Market + Recent form + Rest,2022,12,16,11,108,136,68.75,79.41,0.17959,0.53443
Market + Rest,2022,12,16,11,106,136,68.75,77.94,0.18019,0.5358
Market baseline,2022,12,16,10,108,136,62.5,79.41,0.17577,0.5226
Recent form,2022,12,16,9,94,136,56.25,69.12,0.2182,0.62657
Recent form + Rest,2022,12,16,9,93,136,56.25,68.38,0.21911,0.62845
Rest,2022,12,16,11,87,136,68.75,63.97,0.23921,0.67153
ELO,2022,13,14,12,92,105,85.71,87.62,0.1823,0.55329
ELO + Recent form,2022,13,14,13,93,105,92.86,88.57,0.17774,0.54283
ELO + Recent form + Rest,2022,13,14,13,93,105,92.86,88.57,0.17674,0.54046
ELO + Rest,2022,13,14,12,93,105,85.71,88.57,0.18112,0.55055
Market,2022,13,14,13,100,105,92.86,95.24,0.14261,0.46555
Market + ELO,2022,13,14,13,100,105,92.86,95.24,0.14219,0.46482
Market + ELO + Recent form,2022,13,14,13,100,105,92.86,95.24,0.14134,0.4631
Market + ELO + Recent form + Rest,2022,13,14,13,100,105,92.86,95.24,0.14217,0.46493
Market + ELO + Rest,2022,13,14,13,100,105,92.86,95.24,0.143,0.46657
Market + Recent form,2022,13,14,13,100,105,92.86,95.24,0.14184,0.46402
Market + Recent form + Rest,2022,13,14,12,99,105,85.71,94.29,0.14288,0.46626
Market + Rest,2022,13,14,13,100,105,92.86,95.24,0.14362,0.46773
Market baseline,2022,13,14,13,102,105,92.86,97.14,0.14264,0.46639
Recent form,2022,13,14,10,82,105,71.43,78.1,0.20786,0.60515
Recent form + Rest,2022,13,14,10,82,105,71.43,78.1,0.20712,0.60352
Rest,2022,13,14,9,80,105,64.29,76.19,0.24067,0.67446
ELO,2022,14,13,9,60,91,69.23,65.93,0.2485,0.69634
ELO + Recent form,2022,14,13,8,62,91,61.54,68.13,0.22646,0.64186
ELO + Recent form + Rest,2022,14,13,8,62,91,61.54,68.13,0.22507,0.63819
ELO + Rest,2022,14,13,9,60,91,69.23,65.93,0.24703,0.69233
Market,2022,14,13,8,65,91,61.54,71.43,0.21905,0.62221
Market + ELO,2022,14,13,8,63,91,61.54,69.23,0.22263,0.62776
Market + ELO + Recent form,2022,14,13,7,60,91,53.85,65.93,0.22451,0.6317
Market + ELO + Recent form + Rest,2022,14,13,7,60,91,53.85,65.93,0.2255,0.63418
Market + ELO + Rest,2022,14,13,8,61,91,61.54,67.03,0.22353,0.63003
Market + Recent form,2022,14,13,8,64,91,61.54,70.33,0.22055,0.62547
Market + Recent form + Rest,2022,14,13,8,63,91,61.54,69.23,0.22189,0.62863
Market + Rest,2022,14,13,8,63,91,61.54,69.23,0.22028,0.62513
Market baseline,2022,14,13,8,65,91,61.54,71.43,0.21583,0.61191
Recent form,2022,14,13,9,67,91,69.23,73.63,0.20359,0.59294
Recent form + Rest,2022,14,13,9,69,91,69.23,75.82,0.20262,0.59089
Rest,2022,14,13,7,47,91,53.85,51.65,0.24777,0.68867
ELO,2022,15,16,8,85,136,50.0,62.5,0.23941,0.67007
ELO + Recent form,2022,15,16,9,89,136,56.25,65.44,0.23011,0.65446
ELO + Recent form + Rest,2022,15,16,9,88,136,56.25,64.71,0.23133,0.65782
ELO + Rest,2022,15,16,8,85,136,50.0,62.5,0.24077,0.67349
Market,2022,15,16,12,108,136,75.0,79.41,0.18583,0.55381
Market + ELO,2022,15,16,12,107,136,75.0,78.68,0.18956,0.56124
Market + ELO + Recent form,2022,15,16,12,107,136,75.0,78.68,0.18918,0.56015
Market + ELO + Recent form + Rest,2022,15,16,11,108,136,68.75,79.41,0.18795,0.55722
Market + ELO + Rest,2022,15,16,12,109,136,75.0,80.15,0.1884,0.55847
Market + Recent form,2022,15,16,12,108,136,75.0,79.41,0.1854,0.55271
Market + Recent form + Rest,2022,15,16,12,111,136,75.0,81.62,0.18397,0.54934
Market + Rest,2022,15,16,12,111,136,75.0,81.62,0.18448,0.55061
Market baseline,2022,15,16,12,108,136,75.0,79.41,0.18477,0.55125
Recent form,2022,15,16,12,97,136,75.0,71.32,0.22161,0.63663
Recent form + Rest,2022,15,16,12,97,136,75.0,71.32,0.22273,0.63927
Rest,2022,15,16,9,69,136,56.25,50.74,0.24825,0.68966
ELO,2022,16,16,11,103,136,68.75,75.74,0.20281,0.59722
ELO + Recent form,2022,16,16,11,102,136,68.75,75.0,0.20505,0.59918
ELO + Recent form + Rest,2022,16,16,11,102,136,68.75,75.0,0.20563,0.60026
ELO + Rest,2022,16,16,11,101,136,68.75,74.26,0.20339,0.59832
Market,2022,16,16,10,106,136,62.5,77.94,0.20124,0.58601
Market + ELO,2022,16,16,10,107,136,62.5,78.68,0.19917,0.58081
Market + ELO + Recent form,2022,16,16,10,106,136,62.5,77.94,0.19874,0.57982
Market + ELO + Recent form + Rest,2022,16,16,10,107,136,62.5,78.68,0.19833,0.57896
Market + ELO + Rest,2022,16,16,10,107,136,62.5,78.68,0.19878,0.58001
Market + Recent form,2022,16,16,10,106,136,62.5,77.94,0.20092,0.5853
Market + Recent form + Rest,2022,16,16,10,106,136,62.5,77.94,0.20036,0.58408
Market + Rest,2022,16,16,10,108,136,62.5,79.41,0.20071,0.58487
Market baseline,2022,16,16,10,107,136,62.5,78.68,0.20162,0.58725
Recent form,2022,16,16,9,89,136,56.25,65.44,0.23092,0.65343
Recent form + Rest,2022,16,16,9,88,136,56.25,64.71,0.23127,0.6541
Rest,2022,16,16,8,66,136,50.0,48.53,0.25134,0.69583
ELO,2022,17,15,12,94,120,80.0,78.33,0.204,0.59475
ELO + Recent form,2022,17,15,12,101,120,80.0,84.17,0.1903,0.56769
ELO + Recent form + Rest,2022,17,15,12,100,120,80.0,83.33,0.18999,0.56705
ELO + Rest,2022,17,15,12,96,120,80.0,80.0,0.20346,0.59371
Market,2022,17,15,11,106,120,73.33,88.33,0.15463,0.48612
Market + ELO,2022,17,15,11,104,120,73.33,86.67,0.15514,0.48763
Market + ELO + Recent form,2022,17,15,11,104,120,73.33,86.67,0.15478,0.48688
Market + ELO + Recent form + Rest,2022,17,15,11,104,120,73.33,86.67,0.15473,0.48682
Market + ELO + Rest,2022,17,15,11,104,120,73.33,86.67,0.15509,0.48759
Market + Recent form,2022,17,15,11,106,120,73.33,88.33,0.15427,0.48538
Market + Recent form + Rest,2022,17,15,11,106,120,73.33,88.33,0.15421,0.48533
Market + Rest,2022,17,15,11,104,120,73.33,86.67,0.15457,0.48609
Market baseline,2022,17,15,11,105,120,73.33,87.5,0.15469,0.48513
Recent form,2022,17,15,11,96,120,73.33,80.0,0.20233,0.59445
Recent form + Rest,2022,17,15,11,95,120,73.33,79.17,0.20226,0.59426
Rest,2022,17,15,9,75,120,60.0,62.5,0.24421,0.68155
ELO,2022,18,16,9,82,136,56.25,60.29,0.26661,0.72891
ELO + Recent form,2022,18,16,10,87,136,62.5,63.97,0.24178,0.67525
ELO + Recent form + Rest,2022,18,16,10,86,136,62.5,63.24,0.24306,0.67815
ELO + Rest,2022,18,16,9,79,136,56.25,58.09,0.26815,0.73239
Market,2022,18,16,12,111,136,75.0,81.62,0.17248,0.52325
Market + ELO,2022,18,16,12,110,136,75.0,80.88,0.17876,0.53736
Market + ELO + Recent form,2022,18,16,12,110,136,75.0,80.88,0.17938,0.53847
Market + ELO + Recent form + Rest,2022,18,16,12,110,136,75.0,80.88,0.17848,0.53617
Market + ELO + Rest,2022,18,16,12,110,136,75.0,80.88,0.1779,0.53516
Market + Recent form,2022,18,16,12,110,136,75.0,80.88,0.1729,0.52387
Market + Recent form + Rest,2022,18,16,12,110,136,75.0,80.88,0.17208,0.52169
Market + Rest,2022,18,16,12,111,136,75.0,81.62,0.17169,0.52115
Market baseline,2022,18,16,12,111,136,75.0,81.62,0.16935,0.51151
Recent form,2022,18,16,12,106,136,75.0,77.94,0.20605,0.60162
Recent form + Rest,2022,18,16,12,106,136,75.0,77.94,0.2066,0.60287
Rest,2022,18,16,11,90,136,68.75,66.18,0.23924,0.6716
ELO,2023,1,16,9,67,136,56.25,49.26,0.26964,0.73854
ELO + Recent form,2023,1,16,9,68,136,56.25,50.0,0.26672,0.72947
ELO + Recent form + Rest,2023,1,16,9,68,136,56.25,50.0,0.26679,0.72963
ELO + Rest,2023,1,16,9,67,136,56.25,49.26,0.26971,0.73871
Market,2023,1,16,8,81,136,50.0,59.56,0.23875,0.66669
Market + ELO,2023,1,16,9,82,136,56.25,60.29,0.23946,0.66826
Market + ELO + Recent form,2023,1,16,9,82,136,56.25,60.29,0.23928,0.6673
Market + ELO + Recent form + Rest,2023,1,16,9,82,136,56.25,60.29,0.23911,0.6669
Market + ELO + Rest,2023,1,16,9,82,136,56.25,60.29,0.2393,0.66789
Market + Recent form,2023,1,16,8,82,136,50.0,60.29,0.23843,0.66542
Market + Recent form + Rest,2023,1,16,9,83,136,56.25,61.03,0.23836,0.66523
Market + Rest,2023,1,16,8,81,136,50.0,59.56,0.23868,0.66653
Market baseline,2023,1,16,8,78,136,50.0,57.35,0.24155,0.67259
Recent form,2023,1,16,6,41,136,37.5,30.15,0.26328,0.71978
Recent form + Rest,2023,1,16,6,41,136,37.5,30.15,0.26333,0.71988
Rest,2023,1,16,6,41,136,37.5,30.15,0.26136,0.71592
ELO,2023,2,16,11,113,136,68.75,83.09,0.19395,0.57578
ELO + Recent form,2023,2,16,12,93,136,75.0,68.38,0.21647,0.62135
ELO + Recent form + Rest,2023,2,16,12,94,136,75.0,69.12,0.21671,0.62182
ELO + Rest,2023,2,16,11,111,136,68.75,81.62,0.19431,0.57637
Market,2023,2,16,11,98,136,68.75,72.06,0.21108,0.60873
Market + ELO,2023,2,16,11,99,136,68.75,72.79,0.20944,0.60522
Market + ELO + Recent form,2023,2,16,11,98,136,68.75,72.06,0.20984,0.60549
Market + ELO + Recent form + Rest,2023,2,16,11,99,136,68.75,72.79,0.20974,0.60526
Market + ELO + Rest,2023,2,16,11,98,136,68.75,72.06,0.20933,0.60493
Market + Recent form,2023,2,16,11,98,136,68.75,72.06,0.21181,0.60964
Market + Recent form + Rest,2023,2,16,11,98,136,68.75,72.06,0.21149,0.60892
Market + Rest,2023,2,16,11,98,136,68.75,72.06,0.21076,0.60798
Market baseline,2023,2,16,10,95,136,62.5,69.85,0.21338,0.61425
Recent form,2023,2,16,11,79,136,68.75,58.09,0.27939,0.77888
Recent form + Rest,2023,2,16,11,78,136,68.75,57.35,0.27951,0.77918
Rest,2023,2,16,7,53,136,43.75,38.97,0.25646,0.70609
ELO,2023,3,16,12,94,136,75.0,69.12,0.22758,0.64538
ELO + Recent form,2023,3,16,10,87,136,62.5,63.97,0.24514,0.68604
ELO + Recent form + Rest,2023,3,16,11,89,136,68.75,65.44,0.24526,0.68626
ELO + Rest,2023,3,16,12,93,136,75.0,68.38,0.22781,0.64587
Market,2023,3,16,11,90,136,68.75,66.18,0.23651,0.67711
Market + ELO,2023,3,16,11,90,136,68.75,66.18,0.23619,0.67643
Market + ELO + Recent form,2023,3,16,11,91,136,68.75,66.91,0.23259,0.66607
Market + ELO + Recent form + Rest,2023,3,16,11,91,136,68.75,66.91,0.2323,0.66567
Market + ELO + Rest,2023,3,16,11,90,136,68.75,66.18,0.23598,0.67622
Market + Recent form,2023,3,16,11,91,136,68.75,66.91,0.23301,0.66698
Market + Recent form + Rest,2023,3,16,11,91,136,68.75,66.91,0.23266,0.66646
Market + Rest,2023,3,16,11,90,136,68.75,66.18,0.23625,0.6768
Market baseline,2023,3,16,10,89,136,62.5,65.44,0.23978,0.68383
Recent form,2023,3,16,7,68,136,43.75,50.0,0.26772,0.73195
Recent form + Rest,2023,3,16,7,68,136,43.75,50.0,0.26772,0.73192
Rest,2023,3,16,9,77,136,56.25,56.62,0.24666,0.68647
ELO,2023,4,16,9,91,136,56.25,66.91,0.216,0.62111
ELO + Recent form,2023,4,16,8,94,136,50.0,69.12,0.20489,0.59421
ELO + Recent form + Rest,2023,4,16,8,93,136,50.0,68.38,0.2054,0.59516
ELO + Rest,2023,4,16,9,91,136,56.25,66.91,0.21667,0.62232
Market,2023,4,16,13,111,136,81.25,81.62,0.17341,0.52652
Market + ELO,2023,4,16,13,109,136,81.25,80.15,0.17388,0.52735
Market + ELO + Recent form,2023,4,16,13,110,136,81.25,80.88,0.17528,0.53106
Market + ELO + Recent form + Rest,2023,4,16,13,110,136,81.25,80.88,0.17457,0.52969
Market + ELO + Rest,2023,4,16,13,109,136,81.25,80.15,0.17322,0.52608
Market + Recent form,2023,4,16,13,111,136,81.25,81.62,0.17477,0.53009
Market + Recent form + Rest,2023,4,16,13,111,136,81.25,81.62,0.17409,0.52878
Market + Rest,2023,4,16,13,110,136,81.25,80.88,0.1728,0.52531
Market baseline,2023,4,16,13,111,136,81.25,81.62,0.17588,0.53051
Recent form,2023,4,16,10,100,136,62.5,73.53,0.20905,0.60657
Recent form + Rest,2023,4,16,10,100,136,62.5,73.53,0.20932,0.60713
Rest,2023,4,16,8,64,136,50.0,47.06,0.25194,0.69704
ELO,2023,5,14,8,65,105,57.14,61.9,0.24458,0.68751
ELO + Recent form,2023,5,14,8,61,105,57.14,58.1,0.25929,0.72093
ELO + Recent form + Rest,2023,5,14,8,60,105,57.14,57.14,0.25964,0.72153
ELO + Rest,2023,5,14,8,65,105,57.14,61.9,0.24485,0.68798
Market,2023,5,14,8,62,105,57.14,59.05,0.24466,0.6795
Market + ELO,2023,5,14,7,61,105,50.0,58.1,0.24481,0.6799
Market + ELO + Recent form,2023,5,14,8,63,105,57.14,60.0,0.23927,0.66784
Market + ELO + Recent form + Rest,2023,5,14,8,63,105,57.14,60.0,0.23887,0.66722
Market + ELO + Rest,2023,5,14,8,62,105,57.14,59.05,0.24446,0.67941
Market + Recent form,2023,5,14,8,63,105,57.14,60.0,0.2391,0.66743
Market + Recent form + Rest,2023,5,14,8,64,105,57.14,60.95,0.2387,0.66684
Market + Rest,2023,5,14,8,62,105,57.14,59.05,0.24432,0.67905
Market baseline,2023,5,14,8,62,105,57.14,59.05,0.24287,0.67429
Recent form,2023,5,14,7,47,105,50.0,44.76,0.27795,0.75189
Recent form + Rest,2023,5,14,7,47,105,50.0,44.76,0.27817,0.75223
Rest,2023,5,14,7,56,105,50.0,53.33,0.25139,0.69594
ELO,2023,6,15,10,76,120,66.67,63.33,0.23713,0.66467
ELO + Recent form,2023,6,15,9,77,120,60.0,64.17,0.2296,0.64449
ELO + Recent form + Rest,2023,6,15,9,76,120,60.0,63.33,0.23174,0.64831
ELO + Rest,2023,6,15,10,78,120,66.67,65.0,0.23963,0.66955
Market,2023,6,15,11,94,120,73.33,78.33,0.19929,0.58792
Market + ELO,2023,6,15,11,92,120,73.33,76.67,0.2003,0.59019
Market + ELO + Recent form,2023,6,15,11,92,120,73.33,76.67,0.20014,0.59112
Market + ELO + Recent form + Rest,2023,6,15,11,91,120,73.33,75.83,0.19849,0.58922
Market + ELO + Rest,2023,6,15,11,92,120,73.33,76.67,0.19875,0.58839
Market + Recent form,2023,6,15,11,91,120,73.33,75.83,0.19898,0.5885
Market + Recent form + Rest,2023,6,15,11,92,120,73.33,76.67,0.19741,0.58686
Market + Rest,2023,6,15,11,93,120,73.33,77.5,0.19781,0.58635
Market baseline,2023,6,15,11,95,120,73.33,79.17,0.19769,0.57878
Recent form,2023,6,15,11,84,120,73.33,70.0,0.21262,0.61007
Recent form + Rest,2023,6,15,10,84,120,66.67,70.0,0.21414,0.61299
Rest,2023,6,15,10,72,120,66.67,60.0,0.24091,0.67497
ELO,2023,7,13,6,42,91,46.15,46.15,0.27707,0.74824
ELO + Recent form,2023,7,13,5,35,91,38.46,38.46,0.30346,0.80891
ELO + Recent form + Rest,2023,7,13,5,35,91,38.46,38.46,0.30229,0.80659
ELO + Rest,2023,7,13,6,42,91,46.15,46.15,0.27597,0.74599
Market,2023,7,13,6,42,91,46.15,46.15,0.29179,0.78717
Market + ELO,2023,7,13,5,40,91,38.46,43.96,0.29237,0.78822
Market + ELO + Recent form,2023,7,13,6,45,91,46.15,49.45,0.28491,0.77027
Market + ELO + Recent form + Rest,2023,7,13,6,43,91,46.15,47.25,0.28658,0.77402
Market + ELO + Rest,2023,7,13,6,41,91,46.15,45.05,0.29395,0.79185
Market + Recent form,2023,7,13,6,44,91,46.15,48.35,0.28431,0.76923
Market + Recent form + Rest,2023,7,13,6,43,91,46.15,47.25,0.28616,0.77335
Market + Rest,2023,7,13,6,42,91,46.15,46.15,0.29353,0.79113
Market baseline,2023,7,13,6,45,91,46.15,49.45,0.28287,0.76519
Recent form,2023,7,13,4,32,91,30.77,35.16,0.30012,0.80164
Recent form + Rest,2023,7,13,4,32,91,30.77,35.16,0.29902,0.79926
Rest,2023,7,13,9,72,91,69.23,79.12,0.23492,0.66293
ELO,2023,8,16,12,98,136,75.0,72.06,0.22557,0.64913
ELO + Recent form,2023,8,16,11,97,136,68.75,71.32,0.221,0.64325
ELO + Recent form + Rest,2023,8,16,12,102,136,75.0,75.0,0.21563,0.63178
ELO + Rest,2023,8,16,12,100,136,75.0,73.53,0.21921,0.63578
Market,2023,8,16,12,107,136,75.0,78.68,0.18612,0.55527
Market + ELO,2023,8,16,12,107,136,75.0,78.68,0.18674,0.55695
Market + ELO + Recent form,2023,8,16,12,106,136,75.0,77.94,0.18436,0.55098
Market + ELO + Recent form + Rest,2023,8,16,12,105,136,75.0,77.21,0.1895,0.56194
Market + ELO + Rest,2023,8,16,12,105,136,75.0,77.21,0.1915,0.56714
Market + Recent form,2023,8,16,12,106,136,75.0,77.94,0.18361,0.54907
Market + Recent form + Rest,2023,8,16,12,105,136,75.0,77.21,0.18908,0.56079
Market + Rest,2023,8,16,12,105,136,75.0,77.21,0.19116,0.56612
Market baseline,2023,8,16,12,109,136,75.0,80.15,0.18568,0.55311
Recent form,2023,8,16,12,95,136,75.0,69.85,0.22534,0.64441
Recent form + Rest,2023,8,16,12,97,136,75.0,71.32,0.2216,0.6365
Rest,2023,8,16,9,94,136,56.25,69.12,0.24173,0.67655
ELO,2023,9,14,10,87,105,71.43,82.86,0.19225,0.57386
ELO + Recent form,2023,9,14,11,98,105,78.57,93.33,0.17895,0.54664
ELO + Recent form + Rest,2023,9,14,11,96,105,78.57,91.43,0.18031,0.54937
ELO + Rest,2023,9,14,10,87,105,71.43,82.86,0.19391,0.5773
Market,2023,9,14,11,88,105,78.57,83.81,0.18474,0.5536
Market + ELO,2023,9,14,12,90,105,85.71,85.71,0.18393,0.55188
Market + ELO + Recent form,2023,9,14,11,86,105,78.57,81.9,0.1884,0.56074
Market + ELO + Recent form + Rest,2023,9,14,11,86,105,78.57,81.9,0.18721,0.55835
Market + ELO + Rest,2023,9,14,12,90,105,85.71,85.71,0.18281,0.54962
Market + Recent form,2023,9,14,10,85,105,71.43,80.95,0.1893,0.56271
Market + Recent form + Rest,2023,9,14,10,85,105,71.43,80.95,0.18797,0.56
Market + Rest,2023,9,14,11,89,105,78.57,84.76,0.18347,0.55102
Market baseline,2023,9,14,12,89,105,85.71,84.76,0.1842,0.55168
Recent form,2023,9,14,13,100,105,92.86,95.24,0.19599,0.58292
Recent form + Rest,2023,9,14,12,99,105,85.71,94.29,0.19671,0.58442
Rest,2023,9,14,10,63,105,71.43,60.0,0.23581,0.66473
ELO,2023,10,14,8,57,105,57.14,54.29,0.26742,0.73615
ELO + Recent form,2023,10,14,8,56,105,57.14,53.33,0.26474,0.72668
ELO + Recent form + Rest,2023,10,14,8,58,105,57.14,55.24,0.26153,0.71953
ELO + Rest,2023,10,14,8,58,105,57.14,55.24,0.26374,0.72754
Market,2023,10,14,8,59,105,57.14,56.19,0.25986,0.7145
Market + ELO,2023,10,14,8,59,105,57.14,56.19,0.2604,0.716
Market + ELO + Recent form,2023,10,14,8,57,105,57.14,54.29,0.26088,0.71797
Market + ELO + Recent form + Rest,2023,10,14,8,57,105,57.14,54.29,0.26374,0.72522
Market + ELO + Rest,2023,10,14,8,59,105,57.14,56.19,0.26309,0.72261
Market + Recent form,2023,10,14,8,58,105,57.14,55.24,0.26025,0.71615
Market + Recent form + Rest,2023,10,14,8,58,105,57.14,55.24,0.26333,0.72394
Market + Rest,2023,10,14,8,59,105,57.14,56.19,0.26274,0.72156
Market baseline,2023,10,14,8,61,105,57.14,58.1,0.25741,0.70718
Recent form,2023,10,14,8,56,105,57.14,53.33,0.25074,0.6951
Recent form + Rest,2023,10,14,8,58,105,57.14,55.24,0.24861,0.69081
Rest,2023,10,14,8,76,105,57.14,72.38,0.24326,0.67963
ELO,2023,11,14,9,76,105,64.29,72.38,0.21241,0.61262
ELO + Recent form,2023,11,14,10,80,105,71.43,76.19,0.20424,0.59594
ELO + Recent form + Rest,2023,11,14,10,81,105,71.43,77.14,0.20257,0.59273
ELO + Rest,2023,11,14,9,76,105,64.29,72.38,0.21036,0.60873
Market,2023,11,14,11,87,105,78.57,82.86,0.16998,0.51634
Market + ELO,2023,11,14,11,87,105,78.57,82.86,0.17072,0.51769
Market + ELO + Recent form,2023,11,14,11,87,105,78.57,82.86,0.17043,0.51628
Market + ELO + Recent form + Rest,2023,11,14,11,87,105,78.57,82.86,0.17141,0.51822
Market + ELO + Rest,2023,11,14,11,87,105,78.57,82.86,0.17163,0.51952
Market + Recent form,2023,11,14,11,88,105,78.57,83.81,0.16958,0.51473
Market + Recent form + Rest,2023,11,14,11,88,105,78.57,83.81,0.17069,0.51692
Market + Rest,2023,11,14,11,87,105,78.57,82.86,0.17101,0.51838
Market baseline,2023,11,14,11,87,105,78.57,82.86,0.16558,0.50457
Recent form,2023,11,14,10,84,105,71.43,80.0,0.20274,0.59659
Recent form + Rest,2023,11,14,10,85,105,71.43,80.95,0.20192,0.59495
Rest,2023,11,14,11,73,105,78.57,69.52,0.2283,0.64964
ELO,2023,12,16,10,93,136,62.5,68.38,0.22841,0.65153
ELO + Recent form,2023,12,16,10,97,136,62.5,71.32,0.22331,0.63954
ELO + Recent form + Rest,2023,12,16,10,97,136,62.5,71.32,0.22379,0.64051
ELO + Rest,2023,12,16,9,91,136,56.25,66.91,0.22877,0.6523
Market,2023,12,16,12,102,136,75.0,75.0,0.20915,0.60502
Market + ELO,2023,12,16,12,102,136,75.0,75.0,0.20934,0.60515
Market + ELO + Recent form,2023,12,16,12,101,136,75.0,74.26,0.20982,0.60698
Market + ELO + Recent form + Rest,2023,12,16,12,100,136,75.0,73.53,0.20914,0.60516
Market + ELO + Rest,2023,12,16,12,101,136,75.0,74.26,0.20867,0.60342
Market + Recent form,2023,12,16,12,101,136,75.0,74.26,0.2096,0.60688
Market + Recent form + Rest,2023,12,16,12,101,136,75.0,74.26,0.20891,0.60496
Market + Rest,2023,12,16,12,101,136,75.0,74.26,0.20847,0.60321
Market baseline,2023,12,16,12,101,136,75.0,74.26,0.21026,0.60748
Recent form,2023,12,16,11,91,136,68.75,66.91,0.23031,0.65199
Recent form + Rest,2023,12,16,10,89,136,62.5,65.44,0.23078,0.65292
Rest,2023,12,16,7,55,136,43.75,40.44,0.25679,0.70676
ELO,2023,13,13,6,41,91,46.15,45.05,0.26862,0.73565
ELO + Recent form,2023,13,13,5,47,91,38.46,51.65,0.25485,0.70565
ELO + Recent form + Rest,2023,13,13,5,48,91,38.46,52.75,0.25327,0.70247
ELO + Rest,2023,13,13,5,43,91,38.46,47.25,0.26687,0.73198
Market,2023,13,13,10,60,91,76.92,65.93,0.2268,0.65292
Market + ELO,2023,13,13,10,60,91,76.92,65.93,0.22777,0.65472
Market + ELO + Recent form,2023,13,13,10,59,91,76.92,64.84,0.22976,0.66089
Market + ELO + Recent form + Rest,2023,13,13,10,59,91,76.92,64.84,0.23077,0.66357
Market + ELO + Rest,2023,13,13,10,60,91,76.92,65.93,0.22875,0.65715
Market + Recent form,2023,13,13,10,59,91,76.92,64.84,0.22862,0.65885
Market + Recent form + Rest,2023,13,13,10,59,91,76.92,64.84,0.22981,0.66189
Market + Rest,2023,13,13,10,60,91,76.92,65.93,0.22794,0.65569
Market baseline,2023,13,13,10,59,91,76.92,64.84,0.23296,0.66679
Recent form,2023,13,13,7,58,91,53.85,63.74,0.23503,0.65934
Recent form + Rest,2023,13,13,7,58,91,53.85,63.74,0.23404,0.65737
Rest,2023,13,13,5,37,91,38.46,40.66,0.25952,0.71223
ELO,2023,14,15,7,59,120,46.67,49.17,0.27362,0.74312
ELO + Recent form,2023,14,15,7,60,120,46.67,50.0,0.27599,0.74891
ELO + Recent form + Rest,2023,14,15,7,61,120,46.67,50.83,0.27091,0.73793
ELO + Rest,2023,14,15,8,60,120,53.33,50.0,0.26745,0.73
Market,2023,14,15,7,58,120,46.67,48.33,0.28664,0.7796
Market + ELO,2023,14,15,7,58,120,46.67,48.33,0.28713,0.78063
Market + ELO + Recent form,2023,14,15,7,56,120,46.67,46.67,0.28659,0.77847
Market + ELO + Recent form + Rest,2023,14,15,7,56,120,46.67,46.67,0.2918,0.79017
Market + ELO + Rest,2023,14,15,7,57,120,46.67,47.5,0.29185,0.79134
Market + Recent form,2023,14,15,7,56,120,46.67,46.67,0.28599,0.77722
Market + Recent form + Rest,2023,14,15,7,56,120,46.67,46.67,0.29152,0.7896
Market + Rest,2023,14,15,7,57,120,46.67,47.5,0.29162,0.79087
Market baseline,2023,14,15,7,59,120,46.67,49.17,0.28419,0.77858
Recent form,2023,14,15,7,60,120,46.67,50.0,0.25916,0.71101
Recent form + Rest,2023,14,15,7,62,120,46.67,51.67,0.25603,0.70448
Rest,2023,14,15,9,82,120,60.0,68.33,0.23983,0.67273
ELO,2023,15,16,11,100,136,68.75,73.53,0.21145,0.61005
ELO + Recent form,2023,15,16,10,98,136,62.5,72.06,0.20859,0.60187
ELO + Recent form + Rest,2023,15,16,10,98,136,62.5,72.06,0.20974,0.60487
ELO + Rest,2023,15,16,11,98,136,68.75,72.06,0.21327,0.61433
Market,2023,15,16,12,104,136,75.0,76.47,0.19466,0.57201
Market + ELO,2023,15,16,12,104,136,75.0,76.47,0.19501,0.57259
Market + ELO + Recent form,2023,15,16,12,104,136,75.0,76.47,0.19524,0.57399
Market + ELO + Recent form + Rest,2023,15,16,12,103,136,75.0,75.74,0.19424,0.57127
Market + ELO + Rest,2023,15,16,12,104,136,75.0,76.47,0.19416,0.57019
Market + Recent form,2023,15,16,12,104,136,75.0,76.47,0.19483,0.5733
Market + Recent form + Rest,2023,15,16,12,104,136,75.0,76.47,0.19383,0.57053
Market + Rest,2023,15,16,12,104,136,75.0,76.47,0.19382,0.56956
Market baseline,2023,15,16,12,108,136,75.0,79.41,0.18983,0.56181
Recent form,2023,15,16,9,94,136,56.25,69.12,0.21679,0.62264
Recent form + Rest,2023,15,16,9,94,136,56.25,69.12,0.21784,0.62514
Rest,2023,15,16,11,85,136,68.75,62.5,0.2395,0.67214
ELO,2023,16,16,9,83,136,56.25,61.03,0.24285,0.67992
ELO + Recent form,2023,16,16,10,87,136,62.5,63.97,0.23652,0.66505
ELO + Recent form + Rest,2023,16,16,9,86,136,56.25,63.24,0.23681,0.66558
ELO + Rest,2023,16,16,9,83,136,56.25,61.03,0.24328,0.68049
Market,2023,16,16,11,89,136,68.75,65.44,0.24007,0.67902
Market + ELO,2023,16,16,11,89,136,68.75,65.44,0.24012,0.67915
Market + ELO + Recent form,2023,16,16,10,88,136,62.5,64.71,0.24195,0.68479
Market + ELO + Recent form + Rest,2023,16,16,10,88,136,62.5,64.71,0.24194,0.68519
Market + ELO + Rest,2023,16,16,11,89,136,68.75,65.44,0.24009,0.6794
Market + Recent form,2023,16,16,11,89,136,68.75,65.44,0.24189,0.68459
Market + Recent form + Rest,2023,16,16,11,89,136,68.75,65.44,0.24189,0.68504
Market + Rest,2023,16,16,11,89,136,68.75,65.44,0.24006,0.6793
Market baseline,2023,16,16,11,91,136,68.75,66.91,0.2423,0.68488
Recent form,2023,16,16,9,86,136,56.25,63.24,0.23574,0.66366
Recent form + Rest,2023,16,16,9,86,136,56.25,63.24,0.23608,0.66442
Rest,2023,16,16,8,56,136,50.0,41.18,0.25214,0.69745
ELO,2023,17,16,11,98,136,68.75,72.06,0.21867,0.63303
ELO + Recent form,2023,17,16,9,98,136,56.25,72.06,0.21057,0.61147
ELO + Recent form + Rest,2023,17,16,10,100,136,62.5,73.53,0.20939,0.6089
ELO + Rest,2023,17,16,11,100,136,68.75,73.53,0.21725,0.62991
Market,2023,17,16,13,112,136,81.25,82.35,0.17949,0.54705
Market + ELO,2023,17,16,13,112,136,81.25,82.35,0.18006,0.54859
Market + ELO + Recent form,2023,17,16,13,111,136,81.25,81.62,0.18025,0.55104
Market + ELO + Recent form + Rest,2023,17,16,13,111,136,81.25,81.62,0.18115,0.55322
Market + ELO + Rest,2023,17,16,13,112,136,81.25,82.35,0.1809,0.55056
Market + Recent form,2023,17,16,13,111,136,81.25,81.62,0.1796,0.54922
Market + Recent form + Rest,2023,17,16,13,111,136,81.25,81.62,0.18061,0.55171
Market + Rest,2023,17,16,13,112,136,81.25,82.35,0.18043,0.5493
Market baseline,2023,17,16,12,111,136,75.0,81.62,0.18312,0.55664
Recent form,2023,17,16,10,104,136,62.5,76.47,0.21118,0.61204
Recent form + Rest,2023,17,16,10,104,136,62.5,76.47,0.21037,0.6104
Rest,2023,17,16,10,93,136,62.5,68.38,0.24073,0.67457
ELO,2023,18,16,10,84,136,62.5,61.76,0.23773,0.66852
ELO + Recent form,2023,18,16,10,90,136,62.5,66.18,0.23367,0.65936
ELO + Recent form + Rest,2023,18,16,10,90,136,62.5,66.18,0.23342,0.65879
ELO + Rest,2023,18,16,10,84,136,62.5,61.76,0.23735,0.6677
Market,2023,18,16,11,89,136,68.75,65.44,0.22048,0.62953
Market + ELO,2023,18,16,11,90,136,68.75,66.18,0.22028,0.62923
Market + ELO + Recent form,2023,18,16,11,88,136,68.75,64.71,0.22258,0.63479
Market + ELO + Recent form + Rest,2023,18,16,11,88,136,68.75,64.71,0.22319,0.63595
Market + ELO + Rest,2023,18,16,11,90,136,68.75,66.18,0.22077,0.63015
Market + Recent form,2023,18,16,11,89,136,68.75,65.44,0.22289,0.63529
Market + Recent form + Rest,2023,18,16,11,88,136,68.75,64.71,0.2235,0.63646
Market + Rest,2023,18,16,11,89,136,68.75,65.44,0.22097,0.63047
Market baseline,2023,18,16,11,89,136,68.75,65.44,0.2216,0.63081
Recent form,2023,18,16,8,83,136,50.0,61.03,0.23658,0.66716
Recent form + Rest,2023,18,16,8,83,136,50.0,61.03,0.23643,0.66682
Rest,2023,18,16,7,67,136,43.75,49.26,0.25609,0.70536
ELO,2024,1,16,14,118,136,87.5,86.76,0.18643,0.56074
ELO + Recent form,2024,1,16,14,118,136,87.5,86.76,0.19391,0.57751
ELO + Recent form + Rest,2024,1,16,14,118,136,87.5,86.76,0.19363,0.57689
ELO + Rest,2024,1,16,14,118,136,87.5,86.76,0.18621,0.56024
Market,2024,1,16,13,108,136,81.25,79.41,0.1981,0.58931
Market + ELO,2024,1,16,13,106,136,81.25,77.94,0.19909,0.59142
Market + ELO + Recent form,2024,1,16,13,107,136,81.25,78.68,0.19707,0.58756
Market + ELO + Recent form + Rest,2024,1,16,13,107,136,81.25,78.68,0.19692,0.58725
Market + ELO + Rest,2024,1,16,13,107,136,81.25,78.68,0.19891,0.59104
Market + Recent form,2024,1,16,13,108,136,81.25,79.41,0.19638,0.58611
Market + Recent form + Rest,2024,1,16,13,108,136,81.25,79.41,0.19639,0.58612
Market + Rest,2024,1,16,13,108,136,81.25,79.41,0.19809,0.58929
Market baseline,2024,1,16,13,108,136,81.25,79.41,0.20092,0.59536
Recent form,2024,1,16,11,97,136,68.75,71.32,0.23453,0.66213
Recent form + Rest,2024,1,16,11,97,136,68.75,71.32,0.23443,0.66191
Rest,2024,1,16,11,97,136,68.75,71.32,0.23596,0.66501
ELO,2024,2,16,9,62,136,56.25,45.59,0.27448,0.74628
ELO + Recent form,2024,2,16,9,76,136,56.25,55.88,0.25428,0.70278
ELO + Recent form + Rest,2024,2,16,9,76,136,56.25,55.88,0.25587,0.70694
ELO + Rest,2024,2,16,9,63,136,56.25,46.32,0.27597,0.75013
Market,2024,2,16,7,58,136,43.75,42.65,0.30246,0.81141
Market + ELO,2024,2,16,7,57,136,43.75,41.91,0.30273,0.81199
Market + ELO + Recent form,2024,2,16,7,53,136,43.75,38.97,0.31338,0.83906
Market + ELO + Recent form + Rest,2024,2,16,7,56,136,43.75,41.18,0.31342,0.83948
Market + ELO + Rest,2024,2,16,7,57,136,43.75,41.91,0.30291,0.81278
Market + Recent form,2024,2,16,7,54,136,43.75,39.71,0.31333,0.839
Market + Recent form + Rest,2024,2,16,7,56,136,43.75,41.18,0.3134,0.83948
Market + Rest,2024,2,16,7,58,136,43.75,42.65,0.3027,0.81234
Market baseline,2024,2,16,7,57,136,43.75,41.91,0.30286,0.81288
Recent form,2024,2,16,9,84,136,56.25,61.76,0.23605,0.66079
Recent form + Rest,2024,2,16,9,83,136,56.25,61.03,0.2371,0.6631
Rest,2024,2,16,6,65,136,37.5,47.79,0.26269,0.7186
ELO,2024,3,16,9,73,136,56.25,53.68,0.2588,0.71337
ELO + Recent form,2024,3,16,9,59,136,56.25,43.38,0.29439,0.7932
ELO + Recent form + Rest,2024,3,16,9,60,136,56.25,44.12,0.29527,0.79487
ELO + Rest,2024,3,16,9,73,136,56.25,53.68,0.25994,0.71529
Market,2024,3,16,8,55,136,50.0,40.44,0.29655,0.7954
Market + ELO,2024,3,16,8,54,136,50.0,39.71,0.2972,0.79661
Market + ELO + Recent form,2024,3,16,8,58,136,50.0,42.65,0.28845,0.7776
Market + ELO + Recent form + Rest,2024,3,16,8,58,136,50.0,42.65,0.28847,0.77764
Market + ELO + Rest,2024,3,16,8,54,136,50.0,39.71,0.29718,0.79654
Market + Recent form,2024,3,16,8,58,136,50.0,42.65,0.28789,0.77649
Market + Recent form + Rest,2024,3,16,8,58,136,50.0,42.65,0.28803,0.77676
Market + Rest,2024,3,16,8,54,136,50.0,39.71,0.29665,0.79556
Market baseline,2024,3,16,8,56,136,50.0,41.18,0.29532,0.79203
Recent form,2024,3,16,5,42,136,31.25,30.88,0.32754,0.86619
Recent form + Rest,2024,3,16,7,44,136,43.75,32.35,0.32787,0.86729
Rest,2024,3,16,7,51,136,43.75,37.5,0.25709,0.70735
ELO,2024,4,16,6,70,136,37.5,51.47,0.25023,0.69274
ELO + Recent form,2024,4,16,8,66,136,50.0,48.53,0.26155,0.71642
ELO + Recent form + Rest,2024,4,16,7,67,136,43.75,49.26,0.26356,0.72072
ELO + Rest,2024,4,16,6,70,136,37.5,51.47,0.25237,0.69735
Market,2024,4,16,9,92,136,56.25,67.65,0.22425,0.63962
Market + ELO,2024,4,16,9,94,136,56.25,69.12,0.22369,0.63874
Market + ELO + Recent form,2024,4,16,9,99,136,56.25,72.79,0.2201,0.63109
Market + ELO + Recent form + Rest,2024,4,16,9,97,136,56.25,71.32,0.22083,0.63309
Market + ELO + Rest,2024,4,16,9,94,136,56.25,69.12,0.22444,0.64082
Market + Recent form,2024,4,16,9,99,136,56.25,72.79,0.22043,0.63157
Market + Recent form + Rest,2024,4,16,9,98,136,56.25,72.06,0.22109,0.63349
Market + Rest,2024,4,16,9,93,136,56.25,68.38,0.22493,0.6416
Market baseline,2024,4,16,9,96,136,56.25,70.59,0.22391,0.63996
Recent form,2024,4,16,7,61,136,43.75,44.85,0.27282,0.74171
Recent form + Rest,2024,4,16,7,61,136,43.75,44.85,0.2748,0.74573
Rest,2024,4,16,9,69,136,56.25,50.74,0.24857,0.6903
ELO,2024,5,14,6,53,105,42.86,50.48,0.26704,0.73197
ELO + Recent form,2024,5,14,8,49,105,57.14,46.67,0.27204,0.74291
ELO + Recent form + Rest,2024,5,14,8,54,105,57.14,51.43,0.26859,0.73522
ELO + Rest,2024,5,14,6,53,105,42.86,50.48,0.2635,0.72435
Market,2024,5,14,11,76,105,78.57,72.38,0.23126,0.66086
Market + ELO,2024,5,14,11,76,105,78.57,72.38,0.23058,0.65929
Market + ELO + Recent form,2024,5,14,11,77,105,78.57,73.33,0.22785,0.65323
Market + ELO + Recent form + Rest,2024,5,14,11,77,105,78.57,73.33,0.22681,0.65084
Market + ELO + Rest,2024,5,14,11,76,105,78.57,72.38,0.22943,0.65662
Market + Recent form,2024,5,14,11,76,105,78.57,72.38,0.22826,0.65419
Market + Recent form + Rest,2024,5,14,11,77,105,78.57,73.33,0.2271,0.65152
Market + Rest,2024,5,14,11,76,105,78.57,72.38,0.22996,0.65784
Market baseline,2024,5,14,11,75,105,78.57,71.43,0.23434,0.66712
Recent form,2024,5,14,6,53,105,42.86,50.48,0.26687,0.72672
Recent form + Rest,2024,5,14,6,55,105,42.86,52.38,0.26414,0.72084
Rest,2024,5,14,8,59,105,57.14,56.19,0.24342,0.67995
ELO,2024,6,14,10,84,105,71.43,80.0,0.20067,0.5904
ELO + Recent form,2024,6,14,10,89,105,71.43,84.76,0.19365,0.57629
ELO + Recent form + Rest,2024,6,14,10,87,105,71.43,82.86,0.18484,0.5577
ELO + Rest,2024,6,14,11,87,105,78.57,82.86,0.19112,0.57031
Market,2024,6,14,12,101,105,85.71,96.19,0.13901,0.45998
Market + ELO,2024,6,14,12,100,105,85.71,95.24,0.13914,0.4602
Market + ELO + Recent form,2024,6,14,12,100,105,85.71,95.24,0.13928,0.45958
Market + ELO + Recent form + Rest,2024,6,14,12,100,105,85.71,95.24,0.13804,0.45642
Market + ELO + Rest,2024,6,14,12,100,105,85.71,95.24,0.13774,0.45668
Market + Recent form,2024,6,14,12,100,105,85.71,95.24,0.13918,0.4594
Market + Recent form + Rest,2024,6,14,12,100,105,85.71,95.24,0.13793,0.45622
Market + Rest,2024,6,14,12,101,105,85.71,96.19,0.13758,0.45639
Market baseline,2024,6,14,12,101,105,85.71,96.19,0.14936,0.48277
Recent form,2024,6,14,9,67,105,64.29,63.81,0.22782,0.64737
Recent form + Rest,2024,6,14,9,74,105,64.29,70.48,0.2209,0.633
Rest,2024,6,14,4,35,105,28.57,33.33,0.26231,0.71781
ELO,2024,7,15,10,97,120,66.67,80.83,0.19741,0.58281
ELO + Recent form,2024,7,15,11,99,120,73.33,82.5,0.19336,0.57369
ELO + Recent form + Rest,2024,7,15,11,98,120,73.33,81.67,0.19463,0.57615
ELO + Rest,2024,7,15,11,96,120,73.33,80.0,0.1995,0.58684
Market,2024,7,15,10,100,120,66.67,83.33,0.17723,0.53577
Market + ELO,2024,7,15,10,100,120,66.67,83.33,0.1778,0.53696
Market + ELO + Recent form,2024,7,15,10,99,120,66.67,82.5,0.17802,0.53737
Market + ELO + Recent form + Rest,2024,7,15,10,99,120,66.67,82.5,0.17847,0.53798
Market + ELO + Rest,2024,7,15,10,100,120,66.67,83.33,0.17822,0.53753
Market + Recent form,2024,7,15,10,99,120,66.67,82.5,0.17764,0.53656
Market + Recent form + Rest,2024,7,15,10,99,120,66.67,82.5,0.1782,0.53739
Market + Rest,2024,7,15,10,101,120,66.67,84.17,0.17778,0.53658
Market baseline,2024,7,15,10,100,120,66.67,83.33,0.17916,0.53956
Recent form,2024,7,15,9,84,120,60.0,70.0,0.21956,0.62904
Recent form + Rest,2024,7,15,9,85,120,60.0,70.83,0.21947,0.62909
Rest,2024,7,15,8,69,120,53.33,57.5,0.24963,0.69241
ELO,2024,8,16,12,101,136,75.0,74.26,0.21549,0.6203
ELO + Recent form,2024,8,16,11,99,136,68.75,72.79,0.2085,0.60275
ELO + Recent form + Rest,2024,8,16,11,97,136,68.75,71.32,0.21388,0.61331
ELO + Rest,2024,8,16,11,94,136,68.75,69.12,0.22216,0.63327
Market,2024,8,16,11,98,136,68.75,72.06,0.2146,0.6178
Market + ELO,2024,8,16,11,98,136,68.75,72.06,0.21471,0.61816
Market + ELO + Recent form,2024,8,16,10,96,136,62.5,70.59,0.21618,0.62168
Market + ELO + Recent form + Rest,2024,8,16,10,95,136,62.5,69.85,0.21783,0.62498
Market + ELO + Rest,2024,8,16,10,97,136,62.5,71.32,0.21643,0.62158
Market + Recent form,2024,8,16,10,96,136,62.5,70.59,0.21612,0.62149
Market + Recent form + Rest,2024,8,16,10,95,136,62.5,69.85,0.21783,0.62491
Market + Rest,2024,8,16,10,97,136,62.5,71.32,0.21639,0.62138
Market baseline,2024,8,16,11,98,136,68.75,72.06,0.21193,0.60913
Recent form,2024,8,16,10,100,136,62.5,73.53,0.2084,0.60362
Recent form + Rest,2024,8,16,10,98,136,62.5,72.06,0.21149,0.61021
Rest,2024,8,16,10,79,136,62.5,58.09,0.24556,0.68425
ELO,2024,9,15,9,84,120,60.0,70.0,0.21454,0.6168
ELO + Recent form,2024,9,15,10,93,120,66.67,77.5,0.19965,0.58653
ELO + Recent form + Rest,2024,9,15,11,97,120,73.33,80.83,0.19692,0.58078
ELO + Rest,2024,9,15,9,87,120,60.0,72.5,0.21142,0.61029
Market,2024,9,15,14,108,120,93.33,90.0,0.15777,0.50054
Market + ELO,2024,9,15,14,108,120,93.33,90.0,0.15711,0.49925
Market + ELO + Recent form,2024,9,15,14,107,120,93.33,89.17,0.15818,0.50226
Market + ELO + Recent form + Rest,2024,9,15,14,107,120,93.33,89.17,0.15755,0.50083
Market + ELO + Rest,2024,9,15,14,108,120,93.33,90.0,0.15645,0.49776
Market + Recent form,2024,9,15,14,107,120,93.33,89.17,0.15865,0.50319
Market + Recent form + Rest,2024,9,15,14,107,120,93.33,89.17,0.15791,0.50154
Market + Rest,2024,9,15,14,108,120,93.33,90.0,0.15697,0.49877
Market baseline,2024,9,15,14,108,120,93.33,90.0,0.15949,0.50287
Recent form,2024,9,15,13,102,120,86.67,85.0,0.19697,0.58449
Recent form + Rest,2024,9,15,13,103,120,86.67,85.83,0.19476,0.5799
Rest,2024,9,15,11,95,120,73.33,79.17,0.22971,0.65246
ELO,2024,10,14,10,83,105,71.43,79.05,0.20012,0.58884
ELO + Recent form,2024,10,14,10,77,105,71.43,73.33,0.20878,0.60671
ELO + Recent form + Rest,2024,10,14,10,79,105,71.43,75.24,0.20522,0.59965
ELO + Rest,2024,10,14,10,87,105,71.43,82.86,0.19702,0.58246
Market,2024,10,14,8,78,105,57.14,74.29,0.21308,0.61316
Market + ELO,2024,10,14,8,77,105,57.14,73.33,0.21384,0.61488
Market + ELO + Recent form,2024,10,14,8,78,105,57.14,74.29,0.21122,0.60874
Market + ELO + Recent form + Rest,2024,10,14,9,79,105,64.29,75.24,0.21055,0.6072
Market + ELO + Rest,2024,10,14,8,78,105,57.14,74.29,0.21302,0.61301
Market + Recent form,2024,10,14,8,78,105,57.14,74.29,0.21067,0.6075
Market + Recent form + Rest,2024,10,14,9,79,105,64.29,75.24,0.21011,0.60621
Market + Rest,2024,10,14,8,78,105,57.14,74.29,0.21237,0.61155
Market baseline,2024,10,14,8,77,105,57.14,73.33,0.21218,0.61162
Recent form,2024,10,14,8,62,105,57.14,59.05,0.24589,0.6854
Recent form + Rest,2024,10,14,8,63,105,57.14,60.0,0.24251,0.67877
Rest,2024,10,14,6,39,105,42.86,37.14,0.25498,0.70317
ELO,2024,11,14,11,84,105,78.57,80.0,0.20631,0.60169
ELO + Recent form,2024,11,14,12,94,105,85.71,89.52,0.1883,0.56328
ELO + Recent form + Rest,2024,11,14,10,89,105,71.43,84.76,0.19099,0.56787
ELO + Rest,2024,11,14,8,75,105,57.14,71.43,0.20998,0.60801
Market,2024,11,14,9,82,105,64.29,78.1,0.1964,0.57429
Market + ELO,2024,11,14,9,82,105,64.29,78.1,0.19677,0.57503
Market + ELO + Recent form,2024,11,14,9,80,105,64.29,76.19,0.20159,0.58583
Market + ELO + Recent form + Rest,2024,11,14,9,80,105,64.29,76.19,0.20254,0.58751
Market + ELO + Rest,2024,11,14,9,82,105,64.29,78.1,0.19777,0.5768
Market + Recent form,2024,11,14,9,81,105,64.29,77.14,0.20142,0.58548
Market + Recent form + Rest,2024,11,14,9,80,105,64.29,76.19,0.20244,0.58729
Market + Rest,2024,11,14,9,82,105,64.29,78.1,0.1975,0.57624
Market baseline,2024,11,14,10,81,105,71.43,77.14,0.19414,0.56935
Recent form,2024,11,14,12,92,105,85.71,87.62,0.19074,0.57051
Recent form + Rest,2024,11,14,12,93,105,85.71,88.57,0.19179,0.57285
Rest,2024,11,14,8,53,105,57.14,50.48,0.24806,0.68928
ELO,2024,12,13,11,72,91,84.62,79.12,0.19444,0.57676
ELO + Recent form,2024,12,13,10,62,91,76.92,68.13,0.21499,0.62211
ELO + Recent form + Rest,2024,12,13,10,62,91,76.92,68.13,0.22012,0.6334
ELO + Rest,2024,12,13,11,72,91,84.62,79.12,0.19858,0.58613
Market,2024,12,13,9,63,91,69.23,69.23,0.20988,0.61483
Market + ELO,2024,12,13,9,63,91,69.23,69.23,0.21068,0.6171
Market + ELO + Recent form,2024,12,13,9,65,91,69.23,71.43,0.20348,0.59828
Market + ELO + Recent form + Rest,2024,12,13,9,65,91,69.23,71.43,0.20516,0.60262
Market + ELO + Rest,2024,12,13,9,63,91,69.23,69.23,0.21245,0.62177
Market + Recent form,2024,12,13,9,65,91,69.23,71.43,0.20283,0.59653
Market + Recent form + Rest,2024,12,13,9,65,91,69.23,71.43,0.20468,0.60129
Market + Rest,2024,12,13,9,63,91,69.23,69.23,0.21184,0.62
Market baseline,2024,12,13,9,63,91,69.23,69.23,0.21533,0.62997
Recent form,2024,12,13,8,50,91,61.54,54.95,0.27075,0.74609
Recent form + Rest,2024,12,13,8,46,91,61.54,50.55,0.27672,0.75994
Rest,2024,12,13,4,22,91,30.77,24.18,0.27373,0.74083
ELO,2024,13,16,14,132,136,87.5,97.06,0.15106,0.48422
ELO + Recent form,2024,13,16,15,135,136,93.75,99.26,0.13972,0.45888
ELO + Recent form + Rest,2024,13,16,14,131,136,87.5,96.32,0.15145,0.48206
ELO + Rest,2024,13,16,13,124,136,81.25,91.18,0.164,0.50979
Market,2024,13,16,14,126,136,87.5,92.65,0.1515,0.48227
Market + ELO,2024,13,16,13,124,136,81.25,91.18,0.15267,0.48484
Market + ELO + Recent form,2024,13,16,13,123,136,81.25,90.44,0.1572,0.49506
Market + ELO + Recent form + Rest,2024,13,16,12,122,136,75.0,89.71,0.16107,0.50284
Market + ELO + Rest,2024,13,16,13,123,136,81.25,90.44,0.15686,0.49324
Market + Recent form,2024,13,16,13,123,136,81.25,90.44,0.15647,0.49345
Market + Recent form + Rest,2024,13,16,12,122,136,75.0,89.71,0.1606,0.50177
Market + Rest,2024,13,16,13,123,136,81.25,90.44,0.15601,0.49134
Market baseline,2024,13,16,13,124,136,81.25,91.18,0.15712,0.49319
Recent form,2024,13,16,14,124,136,87.5,91.18,0.18262,0.55121
Recent form + Rest,2024,13,16,13,116,136,81.25,85.29,0.19227,0.57034
Rest,2024,13,16,8,50,136,50.0,36.76,0.26209,0.71763
ELO,2024,14,13,10,78,91,76.92,85.71,0.16658,0.51317
ELO + Recent form,2024,14,13,10,78,91,76.92,85.71,0.17075,0.52193
ELO + Recent form + Rest,2024,14,13,10,77,91,76.92,84.62,0.17362,0.52752
ELO + Rest,2024,14,13,10,78,91,76.92,85.71,0.16977,0.51953
Market,2024,14,13,10,79,91,76.92,86.81,0.16448,0.50877
Market + ELO,2024,14,13,10,79,91,76.92,86.81,0.1654,0.51082
Market + ELO + Recent form,2024,14,13,10,79,91,76.92,86.81,0.1629,0.50568
Market + ELO + Recent form + Rest,2024,14,13,10,79,91,76.92,86.81,0.16337,0.50669
Market + ELO + Rest,2024,14,13,10,79,91,76.92,86.81,0.16588,0.51187
Market + Recent form,2024,14,13,10,79,91,76.92,86.81,0.16226,0.50425
Market + Recent form + Rest,2024,14,13,10,79,91,76.92,86.81,0.16288,0.50561
Market + Rest,2024,14,13,10,79,91,76.92,86.81,0.16515,0.51021
Market baseline,2024,14,13,10,79,91,76.92,86.81,0.16431,0.50764
Recent form,2024,14,13,9,71,91,69.23,78.02,0.21147,0.61293
Recent form + Rest,2024,14,13,9,71,91,69.23,78.02,0.2136,0.61708
Rest,2024,14,13,9,53,91,69.23,58.24,0.23785,0.66881
ELO,2024,15,16,11,106,136,68.75,77.94,0.19524,0.57543
ELO + Recent form,2024,15,16,10,106,136,62.5,77.94,0.19224,0.56887
ELO + Recent form + Rest,2024,15,16,11,111,136,68.75,81.62,0.18858,0.56103
ELO + Rest,2024,15,16,12,109,136,75.0,80.15,0.19173,0.56772
Market,2024,15,16,12,125,136,75.0,91.91,0.15026,0.47659
Market + ELO,2024,15,16,12,125,136,75.0,91.91,0.15072,0.47751
Market + ELO + Recent form,2024,15,16,12,125,136,75.0,91.91,0.14943,0.47438
Market + ELO + Recent form + Rest,2024,15,16,12,126,136,75.0,92.65,0.14934,0.47382
Market + ELO + Rest,2024,15,16,12,126,136,75.0,92.65,0.15054,0.47675
Market + Recent form,2024,15,16,12,125,136,75.0,91.91,0.14908,0.4737
Market + Recent form + Rest,2024,15,16,12,126,136,75.0,92.65,0.14908,0.47328
Market + Rest,2024,15,16,12,126,136,75.0,92.65,0.15016,0.47598
Market baseline,2024,15,16,12,124,136,75.0,91.18,0.15634,0.48898
Recent form,2024,15,16,8,87,136,50.0,63.97,0.22908,0.6493
Recent form + Rest,2024,15,16,9,93,136,56.25,68.38,0.2255,0.64224
Rest,2024,15,16,5,45,136,31.25,33.09,0.26408,0.72135
ELO,2024,16,16,13,115,136,81.25,84.56,0.17796,0.53933
ELO + Recent form,2024,16,16,12,111,136,75.0,81.62,0.18192,0.54711
ELO + Recent form + Rest,2024,16,16,12,111,136,75.0,81.62,0.1829,0.54876
ELO + Rest,2024,16,16,13,114,136,81.25,83.82,0.17929,0.5416
Market,2024,16,16,12,107,136,75.0,78.68,0.18595,0.5501
Market + ELO,2024,16,16,12,107,136,75.0,78.68,0.18642,0.55116
Market + ELO + Recent form,2024,16,16,12,107,136,75.0,78.68,0.18609,0.55001
Market + ELO + Recent form + Rest,2024,16,16,12,107,136,75.0,78.68,0.18634,0.55048
Market + ELO + Rest,2024,16,16,12,107,136,75.0,78.68,0.18667,0.55162
Market + Recent form,2024,16,16,12,107,136,75.0,78.68,0.18577,0.54929
Market + Recent form + Rest,2024,16,16,12,107,136,75.0,78.68,0.1861,0.54994
Market + Rest,2024,16,16,12,107,136,75.0,78.68,0.18629,0.55074
Market baseline,2024,16,16,12,108,136,75.0,79.41,0.17901,0.53155
Recent form,2024,16,16,12,106,136,75.0,77.94,0.2086,0.60779
Recent form + Rest,2024,16,16,12,107,136,75.0,78.68,0.2088,0.60825
Rest,2024,16,16,13,115,136,81.25,84.56,0.22588,0.6448
ELO,2024,17,16,14,119,136,87.5,87.5,0.16615,0.51671
ELO + Recent form,2024,17,16,14,121,136,87.5,88.97,0.16819,0.52004
ELO + Recent form + Rest,2024,17,16,14,121,136,87.5,88.97,0.16738,0.51816
ELO + Rest,2024,17,16,14,120,136,87.5,88.24,0.16529,0.51471
Market,2024,17,16,13,119,136,81.25,87.5,0.15634,0.4982
Market + ELO,2024,17,16,13,119,136,81.25,87.5,0.15688,0.49955
Market + ELO + Recent form,2024,17,16,13,118,136,81.25,86.76,0.15595,0.49787
Market + ELO + Recent form + Rest,2024,17,16,13,118,136,81.25,86.76,0.15577,0.49739
Market + ELO + Rest,2024,17,16,13,119,136,81.25,87.5,0.15668,0.49902
Market + Recent form,2024,17,16,13,118,136,81.25,86.76,0.15557,0.49694
Market + Recent form + Rest,2024,17,16,13,118,136,81.25,86.76,0.15548,0.49666
Market + Rest,2024,17,16,13,119,136,81.25,87.5,0.15623,0.49788
Market baseline,2024,17,16,14,120,136,87.5,88.24,0.16041,0.5062
Recent form,2024,17,16,10,108,136,62.5,79.41,0.20912,0.60883
Recent form + Rest,2024,17,16,11,108,136,68.75,79.41,0.2084,0.60739
Rest,2024,17,16,9,89,136,56.25,65.44,0.24574,0.6846
ELO,2024,18,16,7,56,136,43.75,41.18,0.31186,0.83427
ELO + Recent form,2024,18,16,7,63,136,43.75,46.32,0.30812,0.83281
ELO + Recent form + Rest,2024,18,16,7,66,136,43.75,48.53,0.30632,0.8267
ELO + Rest,2024,18,16,7,62,136,43.75,45.59,0.30963,0.82833
Market,2024,18,16,12,105,136,75.0,77.21,0.1978,0.57958
Market + ELO,2024,18,16,12,106,136,75.0,77.94,0.1964,0.57593
Market + ELO + Recent form,2024,18,16,12,108,136,75.0,79.41,0.19146,0.56367
Market + ELO + Recent form + Rest,2024,18,16,12,108,136,75.0,79.41,0.19057,0.56156
Market + ELO + Rest,2024,18,16,12,107,136,75.0,78.68,0.19542,0.57354
Market + Recent form,2024,18,16,12,107,136,75.0,78.68,0.19226,0.56576
Market + Recent form + Rest,2024,18,16,12,107,136,75.0,78.68,0.19117,0.56313
Market + Rest,2024,18,16,12,106,136,75.0,77.94,0.19657,0.57651
Market baseline,2024,18,16,12,103,136,75.0,75.74,0.19771,0.57696
Recent form,2024,18,16,8,73,136,50.0,53.68,0.26353,0.72218
Recent form + Rest,2024,18,16,8,72,136,50.0,52.94,0.2609,0.71539
Rest,2024,18,16,9,94,136,56.25,69.12,0.24332,0.67972
ELO,2025,1,16,10,107,136,62.5,78.68,0.20258,0.59422
ELO + Recent form,2025,1,16,11,107,136,68.75,78.68,0.20777,0.60601
ELO + Recent form + Rest,2025,1,16,11,107,136,68.75,78.68,0.20767,0.60578
ELO + Rest,2025,1,16,10,107,136,62.5,78.68,0.20249,0.59401
Market,2025,1,16,12,113,136,75.0,83.09,0.18469,0.55275
Market + ELO,2025,1,16,12,112,136,75.0,82.35,0.18401,0.55144
Market + ELO + Recent form,2025,1,16,12,111,136,75.0,81.62,0.18163,0.54512
Market + ELO + Recent form + Rest,2025,1,16,12,111,136,75.0,81.62,0.18163,0.54513
Market + ELO + Rest,2025,1,16,12,112,136,75.0,82.35,0.184,0.55143
Market + Recent form,2025,1,16,12,112,136,75.0,82.35,0.18253,0.54689
Market + Recent form + Rest,2025,1,16,12,112,136,75.0,82.35,0.18253,0.54689
Market + Rest,2025,1,16,12,113,136,75.0,83.09,0.18469,0.55275
Market baseline,2025,1,16,13,114,136,81.25,83.82,0.18731,0.55915
Recent form,2025,1,16,9,77,136,56.25,56.62,0.24637,0.68587
Recent form + Rest,2025,1,16,9,77,136,56.25,56.62,0.24635,0.68584
Rest,2025,1,16,9,77,136,56.25,56.62,0.24656,0.68626
ELO,2025,2,16,12,105,136,75.0,77.21,0.19934,0.58621
ELO + Recent form,2025,2,16,12,108,136,75.0,79.41,0.18747,0.5628
ELO + Recent form + Rest,2025,2,16,12,109,136,75.0,80.15,0.18557,0.55843
ELO + Rest,2025,2,16,12,106,136,75.0,77.94,0.1975,0.58194
Market,2025,2,16,11,114,136,68.75,83.82,0.1767,0.53464
Market + ELO,2025,2,16,11,114,136,68.75,83.82,0.17651,0.53376
Market + ELO + Recent form,2025,2,16,11,114,136,68.75,83.82,0.18151,0.54253
Market + ELO + Recent form + Rest,2025,2,16,11,114,136,68.75,83.82,0.18141,0.54231
Market + ELO + Rest,2025,2,16,11,114,136,68.75,83.82,0.17631,0.53332
Market + Recent form,2025,2,16,11,115,136,68.75,84.56,0.18141,0.54303
Market + Recent form + Rest,2025,2,16,11,115,136,68.75,84.56,0.18139,0.54299
Market + Rest,2025,2,16,11,114,136,68.75,83.82,0.17657,0.53435
Market baseline,2025,2,16,11,112,136,68.75,82.35,0.18289,0.54823
Recent form,2025,2,16,10,90,136,62.5,66.18,0.22356,0.63659
Recent form + Rest,2025,2,16,10,90,136,62.5,66.18,0.22159,0.63245
Rest,2025,2,16,7,71,136,43.75,52.21,0.25488,0.70292
ELO,2025,3,16,11,111,136,68.75,81.62,0.18924,0.56422
ELO + Recent form,2025,3,16,12,101,136,75.0,74.26,0.20256,0.59297
ELO + Recent form + Rest,2025,3,16,12,101,136,75.0,74.26,0.20279,0.59402
ELO + Rest,2025,3,16,11,111,136,68.75,81.62,0.1895,0.56496
Market,2025,3,16,12,98,136,75.0,72.06,0.2194,0.63268
Market + ELO,2025,3,16,12,98,136,75.0,72.06,0.21791,0.62925
Market + ELO + Recent form,2025,3,16,11,98,136,68.75,72.06,0.21384,0.61967
Market + ELO + Recent form + Rest,2025,3,16,11,98,136,68.75,72.06,0.21383,0.6197
Market + ELO + Rest,2025,3,16,12,98,136,75.0,72.06,0.21786,0.62928
Market + Recent form,2025,3,16,12,99,136,75.0,72.79,0.21579,0.62423
Market + Recent form + Rest,2025,3,16,12,99,136,75.0,72.79,0.21579,0.62424
Market + Rest,2025,3,16,12,98,136,75.0,72.06,0.21937,0.63272
Market baseline,2025,3,16,12,98,136,75.0,72.06,0.21522,0.62185
Recent form,2025,3,16,9,84,136,56.25,61.76,0.23941,0.66944
Recent form + Rest,2025,3,16,9,84,136,56.25,61.76,0.23963,0.67021
Rest,2025,3,16,12,93,136,75.0,68.38,0.23126,0.65559
ELO,2025,4,15,9,85,120,60.0,70.83,0.2212,0.63205
ELO + Recent form,2025,4,15,10,78,120,66.67,65.0,0.22705,0.64269
ELO + Recent form + Rest,2025,4,15,10,78,120,66.67,65.0,0.22575,0.63973
ELO + Rest,2025,4,15,9,85,120,60.0,70.83,0.22001,0.62922
Market,2025,4,15,10,90,120,66.67,75.0,0.19987,0.58065
Market + ELO,2025,4,15,10,90,120,66.67,75.0,0.20022,0.5817
Market + ELO + Recent form,2025,4,15,10,91,120,66.67,75.83,0.19595,0.57274
Market + ELO + Recent form + Rest,2025,4,15,10,92,120,66.67,76.67,0.19588,0.57258
Market + ELO + Rest,2025,4,15,10,90,120,66.67,75.0,0.20005,0.58132
Market + Recent form,2025,4,15,10,91,120,66.67,75.83,0.19566,0.57173
Market + Recent form + Rest,2025,4,15,10,91,120,66.67,75.83,0.19564,0.5717
Market + Rest,2025,4,15,10,90,120,66.67,75.0,0.19974,0.58035
Market baseline,2025,4,15,10,89,120,66.67,74.17,0.19528,0.56845
Recent form,2025,4,15,6,62,120,40.0,51.67,0.23697,0.66294
Recent form + Rest,2025,4,15,6,63,120,40.0,52.5,0.23552,0.65981
Rest,2025,4,15,11,89,120,73.33,74.17,0.23122,0.65548
ELO,2025,5,14,5,31,105,35.71,29.52,0.33837,0.88917
ELO + Recent form,2025,5,14,5,38,105,35.71,36.19,0.325,0.85597
ELO + Recent form + Rest,2025,5,14,5,38,105,35.71,36.19,0.32766,0.86251
ELO + Rest,2025,5,14,5,30,105,35.71,28.57,0.34088,0.895
Market,2025,5,14,6,40,105,42.86,38.1,0.32677,0.86367
Market + ELO,2025,5,14,6,40,105,42.86,38.1,0.32904,0.86907
Market + ELO + Recent form,2025,5,14,6,38,105,42.86,36.19,0.333,0.8791
Market + ELO + Recent form + Rest,2025,5,14,6,38,105,42.86,36.19,0.33314,0.87943
Market + ELO + Rest,2025,5,14,6,40,105,42.86,38.1,0.32935,0.86986
Market + Recent form,2025,5,14,5,38,105,35.71,36.19,0.33004,0.87188
Market + Recent form + Rest,2025,5,14,5,38,105,35.71,36.19,0.33006,0.87193
Market + Rest,2025,5,14,6,40,105,42.86,38.1,0.32696,0.86416
Market baseline,2025,5,14,5,38,105,35.71,36.19,0.32369,0.85667
Recent form,2025,5,14,5,49,105,35.71,46.67,0.26547,0.72596
Recent form + Rest,2025,5,14,5,49,105,35.71,46.67,0.26754,0.73098
Rest,2025,5,14,4,34,105,28.57,32.38,0.27043,0.73412
ELO,2025,6,15,9,64,120,60.0,53.33,0.27028,0.74354
ELO + Recent form,2025,6,15,9,71,120,60.0,59.17,0.25631,0.71303
ELO + Recent form + Rest,2025,6,15,10,76,120,66.67,63.33,0.24784,0.69303
ELO + Rest,2025,6,15,9,68,120,60.0,56.67,0.26105,0.72259
Market,2025,6,15,11,86,120,73.33,71.67,0.20877,0.60556
Market + ELO,2025,6,15,11,84,120,73.33,70.0,0.21125,0.6121
Market + ELO + Recent form,2025,6,15,11,83,120,73.33,69.17,0.21108,0.61279
Market + ELO + Recent form + Rest,2025,6,15,11,83,120,73.33,69.17,0.21069,0.61184
Market + ELO + Rest,2025,6,15,11,84,120,73.33,70.0,0.21042,0.61003
Market + Recent form,2025,6,15,11,85,120,73.33,70.83,0.20798,0.60455
Market + Recent form + Rest,2025,6,15,11,85,120,73.33,70.83,0.2079,0.60436
Market + Rest,2025,6,15,11,87,120,73.33,72.5,0.20816,0.60405
Market baseline,2025,6,15,11,88,120,73.33,73.33,0.2058,0.59716
Recent form,2025,6,15,10,84,120,66.67,70.0,0.21948,0.62969
Recent form + Rest,2025,6,15,10,89,120,66.67,74.17,0.21261,0.61463
Rest,2025,6,15,9,85,120,60.0,70.83,0.23672,0.66643
ELO,2025,7,15,12,107,120,80.0,89.17,0.17947,0.54515
ELO + Recent form,2025,7,15,11,103,120,73.33,85.83,0.18035,0.54585
ELO + Recent form + Rest,2025,7,15,11,102,120,73.33,85.0,0.18389,0.55332
ELO + Rest,2025,7,15,11,105,120,73.33,87.5,0.1829,0.55239
Market,2025,7,15,12,104,120,80.0,86.67,0.1691,0.51859
Market + ELO,2025,7,15,13,106,120,86.67,88.33,0.16826,0.51658
Market + ELO + Recent form,2025,7,15,12,104,120,80.0,86.67,0.16706,0.51365
Market + ELO + Recent form + Rest,2025,7,15,12,104,120,80.0,86.67,0.1672,0.51398
Market + ELO + Rest,2025,7,15,13,106,120,86.67,88.33,0.16859,0.51732
Market + Recent form,2025,7,15,11,103,120,73.33,85.83,0.16815,0.51623
Market + Recent form + Rest,2025,7,15,11,103,120,73.33,85.83,0.16818,0.5163
Market + Rest,2025,7,15,12,104,120,80.0,86.67,0.16934,0.51912
Market baseline,2025,7,15,12,105,120,80.0,87.5,0.17137,0.52298
Recent form,2025,7,15,12,92,120,80.0,76.67,0.2149,0.62073
Recent form + Rest,2025,7,15,12,90,120,80.0,75.0,0.21845,0.62811
Rest,2025,7,15,9,62,120,60.0,51.67,0.24678,0.68672
ELO,2025,8,13,8,70,91,61.54,76.92,0.19236,0.57067
ELO + Recent form,2025,8,13,9,74,91,69.23,81.32,0.18362,0.54866
ELO + Recent form + Rest,2025,8,13,9,73,91,69.23,80.22,0.1837,0.54856
ELO + Rest,2025,8,13,8,69,91,61.54,75.82,0.19313,0.57222
Market,2025,8,13,11,76,91,84.62,83.52,0.16538,0.50911
Market + ELO,2025,8,13,11,76,91,84.62,83.52,0.16557,0.50913
Market + ELO + Recent form,2025,8,13,11,75,91,84.62,82.42,0.1669,0.5135
Market + ELO + Recent form + Rest,2025,8,13,11,75,91,84.62,82.42,0.1669,0.51351
Market + ELO + Rest,2025,8,13,11,76,91,84.62,83.52,0.16557,0.50913
Market + Recent form,2025,8,13,11,75,91,84.62,82.42,0.16655,0.51309
Market + Recent form + Rest,2025,8,13,11,75,91,84.62,82.42,0.16655,0.51309
Market + Rest,2025,8,13,11,76,91,84.62,83.52,0.16537,0.5091
Market baseline,2025,8,13,11,76,91,84.62,83.52,0.16783,0.51227
Recent form,2025,8,13,8,69,91,61.54,75.82,0.20562,0.59846
Recent form + Rest,2025,8,13,9,71,91,69.23,78.02,0.2034,0.59403
Rest,2025,8,13,8,53,91,61.54,58.24,0.24106,0.67521
ELO,2025,9,14,10,64,105,71.43,60.95,0.25417,0.70565
ELO + Recent form,2025,9,14,8,61,105,57.14,58.1,0.2532,0.70374
ELO + Recent form + Rest,2025,9,14,8,63,105,57.14,60.0,0.24816,0.6921
ELO + Rest,2025,9,14,10,64,105,71.43,60.95,0.24857,0.69305
Market,2025,9,14,8,63,105,57.14,60.0,0.25793,0.72293
Market + ELO,2025,9,14,8,62,105,57.14,59.05,0.2576,0.72247
Market + ELO + Recent form,2025,9,14,8,64,105,57.14,60.95,0.25886,0.72448
Market + ELO + Recent form + Rest,2025,9,14,8,64,105,57.14,60.95,0.25857,0.7239
Market + ELO + Rest,2025,9,14,8,62,105,57.14,59.05,0.257,0.72123
Market + Recent form,2025,9,14,8,65,105,57.14,61.9,0.25915,0.72487
Market + Recent form + Rest,2025,9,14,8,65,105,57.14,61.9,0.25909,0.72476
Market + Rest,2025,9,14,8,63,105,57.14,60.0,0.25752,0.72209
Market baseline,2025,9,14,8,62,105,57.14,59.05,0.26373,0.74106
Recent form,2025,9,14,6,54,105,42.86,51.43,0.26405,0.72029
Recent form + Rest,2025,9,14,6,56,105,42.86,53.33,0.2592,0.70984
Rest,2025,9,14,4,44,105,28.57,41.9,0.26322,0.71961
ELO,2025,10,14,9,68,105,64.29,64.76,0.23051,0.65259
ELO + Recent form,2025,10,14,10,76,105,71.43,72.38,0.21585,0.61986
ELO + Recent form + Rest,2025,10,14,10,78,105,71.43,74.29,0.21379,0.61549
ELO + Rest,2025,10,14,9,69,105,64.29,65.71,0.22861,0.64917
Market,2025,10,14,9,76,105,64.29,72.38,0.20977,0.61032
Market + ELO,2025,10,14,9,75,105,64.29,71.43,0.21021,0.61151
Market + ELO + Recent form,2025,10,14,9,75,105,64.29,71.43,0.21606,0.62438
Market + ELO + Recent form + Rest,2025,10,14,9,75,105,64.29,71.43,0.21597,0.62412
Market + ELO + Rest,2025,10,14,9,76,105,64.29,72.38,0.21004,0.61098
Market + Recent form,2025,10,14,9,75,105,64.29,71.43,0.21539,0.6226
Market + Recent form + Rest,2025,10,14,9,75,105,64.29,71.43,0.21538,0.62255
Market + Rest,2025,10,14,9,76,105,64.29,72.38,0.20964,0.60992
Market baseline,2025,10,14,8,75,105,57.14,71.43,0.20933,0.60875
Recent form,2025,10,14,10,82,105,71.43,78.1,0.20105,0.59031
Recent form + Rest,2025,10,14,9,82,105,64.29,78.1,0.19838,0.58477
Rest,2025,10,14,8,64,105,57.14,60.95,0.24405,0.68124
ELO,2025,11,15,11,94,120,73.33,78.33,0.19895,0.58676
ELO + Recent form,2025,11,15,11,97,120,73.33,80.83,0.19308,0.57393
ELO + Recent form + Rest,2025,11,15,11,96,120,73.33,80.0,0.19753,0.58354
ELO + Rest,2025,11,15,11,92,120,73.33,76.67,0.2036,0.59668
Market,2025,11,15,11,98,120,73.33,81.67,0.17981,0.53853
Market + ELO,2025,11,15,11,98,120,73.33,81.67,0.18004,0.53871
Market + ELO + Recent form,2025,11,15,11,98,120,73.33,81.67,0.18229,0.54267
Market + ELO + Recent form + Rest,2025,11,15,11,97,120,73.33,80.83,0.18249,0.54318
Market + ELO + Rest,2025,11,15,11,97,120,73.33,80.83,0.18051,0.53984
Market + Recent form,2025,11,15,11,98,120,73.33,81.67,0.18191,0.54228
Market + Recent form + Rest,2025,11,15,11,98,120,73.33,81.67,0.18195,0.54238
Market + Rest,2025,11,15,11,97,120,73.33,80.83,0.18013,0.53931
Market baseline,2025,11,15,11,98,120,73.33,81.67,0.17986,0.53928
Recent form,2025,11,15,9,89,120,60.0,74.17,0.21433,0.61921
Recent form + Rest,2025,11,15,9,88,120,60.0,73.33,0.21855,0.62793
Rest,2025,11,15,8,47,120,53.33,39.17,0.25325,0.6997
ELO,2025,12,14,8,75,105,57.14,71.43,0.20338,0.58981
ELO + Recent form,2025,12,14,9,84,105,64.29,80.0,0.1821,0.54392
ELO + Recent form + Rest,2025,12,14,10,84,105,71.43,80.0,0.18617,0.55271
ELO + Rest,2025,12,14,8,73,105,57.14,69.52,0.20717,0.59817
Market,2025,12,14,10,87,105,71.43,82.86,0.16387,0.49722
Market + ELO,2025,12,14,10,87,105,71.43,82.86,0.16481,0.49912
Market + ELO + Recent form,2025,12,14,10,87,105,71.43,82.86,0.16956,0.51043
Market + ELO + Recent form + Rest,2025,12,14,10,87,105,71.43,82.86,0.16978,0.5109
Market + ELO + Rest,2025,12,14,10,87,105,71.43,82.86,0.16534,0.50023
Market + Recent form,2025,12,14,10,87,105,71.43,82.86,0.1682,0.50762
Market + Recent form + Rest,2025,12,14,10,87,105,71.43,82.86,0.16825,0.50771
Market + Rest,2025,12,14,10,87,105,71.43,82.86,0.16422,0.49796
Market baseline,2025,12,14,10,88,105,71.43,83.81,0.16067,0.48783
Recent form,2025,12,14,12,99,105,85.71,94.29,0.17141,0.5307
Recent form + Rest,2025,12,14,13,99,105,92.86,94.29,0.17566,0.53925
Rest,2025,12,14,9,63,105,64.29,60.0,0.24375,0.68067
ELO,2025,13,16,9,84,136,56.25,61.76,0.24749,0.68974
ELO + Recent form,2025,13,16,9,81,136,56.25,59.56,0.24922,0.6975
ELO + Recent form + Rest,2025,13,16,9,84,136,56.25,61.76,0.24623,0.69066
ELO + Rest,2025,13,16,9,85,136,56.25,62.5,0.24421,0.68229
Market,2025,13,16,9,87,136,56.25,63.97,0.25285,0.70527
Market + ELO,2025,13,16,9,87,136,56.25,63.97,0.2533,0.70673
Market + ELO + Recent form,2025,13,16,9,85,136,56.25,62.5,0.25215,0.7022
Market + ELO + Recent form + Rest,2025,13,16,9,85,136,56.25,62.5,0.25198,0.70182
Market + ELO + Rest,2025,13,16,9,87,136,56.25,63.97,0.25293,0.70589
Market + Recent form,2025,13,16,9,84,136,56.25,61.76,0.25159,0.70051
Market + Recent form + Rest,2025,13,16,9,84,136,56.25,61.76,0.25155,0.70044
Market + Rest,2025,13,16,9,87,136,56.25,63.97,0.25258,0.70466
Market baseline,2025,13,16,9,87,136,56.25,63.97,0.25038,0.69823
Recent form,2025,13,16,9,80,136,56.25,58.82,0.24559,0.6856
Recent form + Rest,2025,13,16,9,80,136,56.25,58.82,0.24243,0.67873
Rest,2025,13,16,8,80,136,50.0,58.82,0.24765,0.68838
ELO,2025,14,14,9,71,105,64.29,67.62,0.23013,0.65209
ELO + Recent form,2025,14,14,9,73,105,64.29,69.52,0.22101,0.63168
ELO + Recent form + Rest,2025,14,14,9,70,105,64.29,66.67,0.22504,0.64058
ELO + Rest,2025,14,14,9,70,105,64.29,66.67,0.23422,0.66115
Market,2025,14,14,7,66,105,50.0,62.86,0.24628,0.68318
Market + ELO,2025,14,14,7,66,105,50.0,62.86,0.24595,0.68255
Market + ELO + Recent form,2025,14,14,7,65,105,50.0,61.9,0.25175,0.69517
Market + ELO + Recent form + Rest,2025,14,14,7,65,105,50.0,61.9,0.25195,0.69564
Market + ELO + Rest,2025,14,14,7,66,105,50.0,62.86,0.24641,0.68363
Market + Recent form,2025,14,14,7,65,105,50.0,61.9,0.25204,0.69563
Market + Recent form + Rest,2025,14,14,7,65,105,50.0,61.9,0.25208,0.69572
Market + Rest,2025,14,14,7,66,105,50.0,62.86,0.2466,0.68393
Market baseline,2025,14,14,7,66,105,50.0,62.86,0.24336,0.67861
Recent form,2025,14,14,10,76,105,71.43,72.38,0.21674,0.62552
Recent form + Rest,2025,14,14,10,74,105,71.43,70.48,0.21991,0.63217
Rest,2025,14,14,6,31,105,42.86,29.52,0.26031,0.71385
ELO,2025,15,16,12,113,136,75.0,83.09,0.17989,0.54231
ELO + Recent form,2025,15,16,12,115,136,75.0,84.56,0.17645,0.5312
ELO + Recent form + Rest,2025,15,16,11,107,136,68.75,78.68,0.18493,0.54759
ELO + Rest,2025,15,16,12,111,136,75.0,81.62,0.18775,0.55767
Market,2025,15,16,10,102,136,62.5,75.0,0.20139,0.57694
Market + ELO,2025,15,16,10,102,136,62.5,75.0,0.1998,0.57335
Market + ELO + Recent form,2025,15,16,10,103,136,62.5,75.74,0.20131,0.579
Market + ELO + Recent form + Rest,2025,15,16,10,103,136,62.5,75.74,0.20175,0.57991
Market + ELO + Rest,2025,15,16,10,102,136,62.5,75.0,0.20079,0.5754
Market + Recent form,2025,15,16,10,103,136,62.5,75.74,0.20321,0.58321
Market + Recent form + Rest,2025,15,16,10,103,136,62.5,75.74,0.20329,0.58339
Market + Rest,2025,15,16,10,102,136,62.5,75.0,0.2021,0.57841
Market baseline,2025,15,16,10,101,136,62.5,74.26,0.19725,0.56412
Recent form,2025,15,16,11,104,136,68.75,76.47,0.20468,0.59574
Recent form + Rest,2025,15,16,10,97,136,62.5,71.32,0.21169,0.61005
Rest,2025,15,16,10,72,136,62.5,52.94,0.24663,0.68645
ELO,2025,16,16,9,73,136,56.25,53.68,0.26004,0.71533
ELO + Recent form,2025,16,16,9,83,136,56.25,61.03,0.2358,0.66003
ELO + Recent form + Rest,2025,16,16,9,82,136,56.25,60.29,0.23622,0.66082
ELO + Rest,2025,16,16,9,72,136,56.25,52.94,0.26045,0.71633
Market,2025,16,16,10,90,136,62.5,66.18,0.22565,0.63715
Market + ELO,2025,16,16,10,91,136,62.5,66.91,0.22726,0.64038
Market + ELO + Recent form,2025,16,16,9,89,136,56.25,65.44,0.23664,0.66247
Market + ELO + Recent form + Rest,2025,16,16,9,89,136,56.25,65.44,0.23666,0.66254
Market + ELO + Rest,2025,16,16,10,91,136,62.5,66.91,0.22736,0.64065
Market + Recent form,2025,16,16,9,88,136,56.25,64.71,0.23439,0.65773
Market + Recent form + Rest,2025,16,16,9,88,136,56.25,64.71,0.2344,0.65774
Market + Rest,2025,16,16,10,90,136,62.5,66.18,0.2257,0.6373
Market baseline,2025,16,16,10,89,136,62.5,65.44,0.22557,0.63655
Recent form,2025,16,16,11,111,136,68.75,81.62,0.20423,0.59883
Recent form + Rest,2025,16,16,11,112,136,68.75,82.35,0.2042,0.59866
Rest,2025,16,16,6,44,136,37.5,32.35,0.26179,0.71678
ELO,2025,17,16,9,71,136,56.25,52.21,0.26022,0.7156
ELO + Recent form,2025,17,16,9,84,136,56.25,61.76,0.24028,0.67303
ELO + Recent form + Rest,2025,17,16,9,84,136,56.25,61.76,0.24176,0.67636
ELO + Rest,2025,17,16,9,70,136,56.25,51.47,0.26164,0.71873
Market,2025,17,16,9,87,136,56.25,63.97,0.2438,0.67874
Market + ELO,2025,17,16,9,87,136,56.25,63.97,0.24439,0.68003
Market + ELO + Recent form,2025,17,16,9,86,136,56.25,63.24,0.25205,0.69854
Market + ELO + Recent form + Rest,2025,17,16,9,86,136,56.25,63.24,0.25209,0.69866
Market + ELO + Rest,2025,17,16,9,87,136,56.25,63.97,0.24452,0.68039
Market + Recent form,2025,17,16,9,85,136,56.25,62.5,0.25107,0.69653
Market + Recent form + Rest,2025,17,16,9,85,136,56.25,62.5,0.25108,0.69656
Market + Rest,2025,17,16,9,87,136,56.25,63.97,0.24388,0.67897
Market baseline,2025,17,16,9,87,136,56.25,63.97,0.23903,0.66417
Recent form,2025,17,16,11,98,136,68.75,72.06,0.21208,0.61374
Recent form + Rest,2025,17,16,11,96,136,68.75,70.59,0.21302,0.61565
Rest,2025,17,16,6,42,136,37.5,30.88,0.26223,0.71768
ELO,2025,18,16,12,91,136,75.0,66.91,0.24062,0.67932
ELO + Recent form,2025,18,16,11,90,136,68.75,66.18,0.24107,0.6765
ELO + Recent form + Rest,2025,18,16,11,91,136,68.75,66.91,0.2408,0.67578
ELO + Rest,2025,18,16,12,91,136,75.0,66.91,0.24032,0.67906
Market,2025,18,16,10,100,136,62.5,73.53,0.21301,0.60021
Market + ELO,2025,18,16,10,100,136,62.5,73.53,0.21457,0.60382
Market + ELO + Recent form,2025,18,16,10,101,136,62.5,74.26,0.21279,0.60031
Market + ELO + Recent form + Rest,2025,18,16,10,101,136,62.5,74.26,0.21282,0.60039
Market + ELO + Rest,2025,18,16,10,100,136,62.5,73.53,0.21462,0.60395
Market + Recent form,2025,18,16,10,102,136,62.5,75.0,0.21097,0.59605
Market + Recent form + Rest,2025,18,16,10,102,136,62.5,75.0,0.21098,0.59606
Market + Rest,2025,18,16,10,100,136,62.5,73.53,0.21303,0.60024
Market baseline,2025,18,16,10,100,136,62.5,73.53,0.20313,0.57297
Recent form,2025,18,16,9,90,136,56.25,66.18,0.22653,0.64126
Recent form + Rest,2025,18,16,9,91,136,56.25,66.91,0.22571,0.63911
Rest,2025,18,16,12,111,136,75.0,81.62,0.23061,0.65427
