bet_id,season,week_number,week,rank,pick,opponent,probability,odds,decimal_price,stake,potential_return,potential_profit,recorded_at_utc,status,winner,result,gross_return,net_profit
2026-01-BUF-HOU,2026,1,2026 Week 1,1,BUF,HOU,51.74,-118.0,1.847,1000.0,1847.0,847.0,2026-09-12T04:55:05+00:00,Settled,BUF,Win,1847.46,847.46
2026-01-NYJ-TEN,2026,1,2026 Week 1,2,TEN,NYJ,52.61,-122.0,1.82,1000.0,1820.0,820.0,2026-09-12T04:55:05+00:00,Settled,NYJ,Loss,0.0,-1000.0
2026-01-GB-MIN,2026,1,2026 Week 1,3,MIN,GB,53.25,-125.0,1.8,1000.0,1800.0,800.0,2026-09-12T04:55:05+00:00,Settled,MIN,Win,1800.0,800.0
2026-01-DEN-KC,2026,1,2026 Week 1,4,KC,DEN,57.21,-148.0,1.676,1000.0,1676.0,676.0,2026-09-12T04:55:05+00:00,Settled,KC,Win,1675.68,675.68
2026-01-DAL-NYG,2026,1,2026 Week 1,5,DAL,NYG,59.34,-162.0,1.617,1000.0,1617.0,617.0,2026-09-12T04:55:05+00:00,Settled,NYG,Loss,0.0,-1000.0
2026-01-CAR-CHI,2026,1,2026 Week 1,6,CHI,CAR,59.96,-166.0,1.602,1000.0,1602.0,602.0,2026-09-12T04:55:05+00:00,Settled,CHI,Win,1602.41,602.41
2026-01-LV-MIA,2026,1,2026 Week 1,7,LV,MIA,60.38,-170.0,1.588,1000.0,1588.0,588.0,2026-09-12T04:55:05+00:00,Settled,LV,Win,1588.24,588.24
2026-01-BAL-IND,2026,1,2026 Week 1,8,BAL,IND,60.92,-175.0,1.571,1000.0,1571.0,571.0,2026-09-12T04:55:05+00:00,Settled,BAL,Win,1571.43,571.43
2026-01-CIN-TB,2026,1,2026 Week 1,9,CIN,TB,64.47,-205.0,1.488,1000.0,1488.0,488.0,2026-09-12T04:55:05+00:00,Settled,CIN,Win,1487.8,487.8
2026-01-PHI-WAS,2026,1,2026 Week 1,10,PHI,WAS,68.54,-250.0,1.4,1000.0,1400.0,400.0,2026-09-12T04:55:05+00:00,Settled,PHI,Win,1400.0,400.0
2026-01-ATL-PIT,2026,1,2026 Week 1,11,PIT,ATL,69.58,-265.0,1.377,1000.0,1377.0,377.0,2026-09-12T04:55:05+00:00,Settled,PIT,Win,1377.36,377.36
2026-01-DET-NO,2026,1,2026 Week 1,12,DET,NO,74.09,-340.0,1.294,1000.0,1294.0,294.0,2026-09-12T04:55:05+00:00,Settled,DET,Win,1294.12,294.12
2026-01-CLE-JAX,2026,1,2026 Week 1,13,JAX,CLE,78.67,-455.0,1.22,1000.0,1220.0,220.0,2026-09-12T04:55:05+00:00,Settled,JAX,Win,1219.78,219.78
2026-01-ARI-LAC,2026,1,2026 Week 1,14,LAC,ARI,80.0,-500.0,1.2,1000.0,1200.0,200.0,2026-09-12T04:55:05+00:00,Settled,ARI,Loss,0.0,-1000.0
2026-02-CIN-HOU,2026,2,2026 Week 2,2,HOU,CIN,56.35,-142.0,1.704,1000.0,1704.0,704.0,2026-09-17T08:06:09+00:00,Settled,CIN,Loss,0.0,-1000.0
2026-02-DEN-JAX,2026,2,2026 Week 2,3,DEN,JAX,57.21,-148.0,1.676,1000.0,1676.0,676.0,2026-09-17T08:06:09+00:00,Settled,DEN,Win,1675.68,675.68
2026-02-ATL-CAR,2026,2,2026 Week 2,4,CAR,ATL,58.3,-155.0,1.645,1000.0,1645.0,645.0,2026-09-17T08:06:09+00:00,Settled,CAR,Win,1645.16,645.16
2026-02-GB-NYJ,2026,2,2026 Week 2,5,GB,NYJ,63.09,-192.0,1.521,1000.0,1521.0,521.0,2026-09-17T08:06:09+00:00,Settled,GB,Win,1520.83,520.83
2026-02-CHI-MIN,2026,2,2026 Week 2,6,CHI,MIN,64.47,-205.0,1.488,1000.0,1488.0,488.0,2026-09-17T08:06:09+00:00,Settled,MIN,Loss,0.0,-1000.0
2026-02-DAL-WAS,2026,2,2026 Week 2,7,DAL,WAS,65.75,-218.0,1.459,1000.0,1459.0,459.0,2026-09-17T08:06:09+00:00,Settled,DAL,Win,1458.72,458.72
2026-02-NE-PIT,2026,2,2026 Week 2,8,NE,PIT,66.36,-225.0,1.444,1000.0,1444.0,444.0,2026-09-17T08:06:09+00:00,Settled,NE,Win,1444.44,444.44
2026-02-ARI-SEA,2026,2,2026 Week 2,9,SEA,ARI,66.36,-225.0,1.444,1000.0,1444.0,444.0,2026-09-17T08:06:09+00:00,Settled,SEA,Win,1444.44,444.44
2026-02-IND-KC,2026,2,2026 Week 2,10,KC,IND,70.5,-278.0,1.36,1000.0,1360.0,360.0,2026-09-17T08:06:09+00:00,Settled,KC,Win,1359.71,359.71
2026-02-LAC-LV,2026,2,2026 Week 2,11,LAC,LV,72.21,-305.0,1.328,1000.0,1328.0,328.0,2026-09-17T08:06:09+00:00,Settled,LV,Loss,0.0,-1000.0
2026-02-PHI-TEN,2026,2,2026 Week 2,12,PHI,TEN,73.35,-325.0,1.308,1000.0,1308.0,308.0,2026-09-17T08:06:09+00:00,Settled,PHI,Win,1307.69,307.69
2026-02-LA-NYG,2026,2,2026 Week 2,13,LA,NYG,74.78,-355.0,1.282,1000.0,1282.0,282.0,2026-09-17T08:06:09+00:00,Settled,LA,Win,1281.69,281.69
2026-02-BAL-NO,2026,2,2026 Week 2,14,BAL,NO,76.0,-380.0,1.263,1000.0,1263.0,263.0,2026-09-17T08:06:09+00:00,Settled,NO,Loss,0.0,-1000.0
2026-02-CLE-TB,2026,2,2026 Week 2,15,TB,CLE,78.19,-440.0,1.227,1000.0,1227.0,227.0,2026-09-17T08:06:09+00:00,Settled,CLE,Loss,0.0,-1000.0
2026-02-MIA-SF,2026,2,2026 Week 2,16,SF,MIA,86.3,-900.0,1.111,1000.0,1111.0,111.0,2026-09-17T08:06:09+00:00,Settled,SF,Win,1111.11,111.11
2026-03-MIN-TB,2026,3,2026 Week 3,2,MIN,TB,52.17,-120.0,1.833,1000.0,1833.0,833.0,2026-09-27T02:49:28+00:00,Settled,MIN,Win,1833.33,833.33
2026-03-HOU-IND,2026,3,2026 Week 3,3,HOU,IND,53.25,-125.0,1.8,1000.0,1800.0,800.0,2026-09-27T02:49:28+00:00,Settled,IND,Loss,0.0,-1000.0
2026-03-DEN-LA,2026,3,2026 Week 3,4,LA,DEN,54.27,-130.0,1.769,1000.0,1769.0,769.0,2026-09-27T02:49:28+00:00,Settled,DEN,Loss,0.0,-1000.0
2026-03-CAR-CLE,2026,3,2026 Week 3,5,CAR,CLE,55.14,-135.0,1.741,1000.0,1741.0,741.0,2026-09-27T02:49:28+00:00,Settled,CLE,Loss,0.0,-1000.0
2026-03-NYG-TEN,2026,3,2026 Week 3,6,NYG,TEN,55.14,-135.0,1.741,1000.0,1741.0,741.0,2026-09-27T02:49:28+00:00,Settled,NYG,Win,1740.74,740.74
2026-03-JAX-NE,2026,3,2026 Week 3,7,JAX,NE,58.3,-155.0,1.645,1000.0,1645.0,645.0,2026-09-27T02:49:28+00:00,Settled,JAX,Win,1645.16,645.16
2026-03-BAL-DAL,2026,3,2026 Week 3,8,BAL,DAL,59.96,-166.0,1.602,1000.0,1602.0,602.0,2026-09-27T02:49:28+00:00,Settled,BAL,Win,1602.41,602.41
2026-03-CIN-PIT,2026,3,2026 Week 3,9,CIN,PIT,62.25,-185.0,1.541,1000.0,1541.0,541.0,2026-09-27T02:49:28+00:00,Settled,PIT,Loss,0.0,-1000.0
2026-03-LV-NO,2026,3,2026 Week 3,10,NO,LV,63.09,-192.0,1.521,1000.0,1521.0,521.0,2026-09-27T02:49:28+00:00,Settled,LV,Loss,0.0,-1000.0
2026-03-CHI-PHI,2026,3,2026 Week 3,11,PHI,CHI,63.69,-198.0,1.505,1000.0,1505.0,505.0,2026-09-27T02:49:28+00:00,Settled,CHI,Loss,0.0,-1000.0
2026-03-DET-NYJ,2026,3,2026 Week 3,12,DET,NYJ,72.21,-305.0,1.328,1000.0,1328.0,328.0,2026-09-27T02:49:28+00:00,Settled,DET,Win,1327.87,327.87
2026-03-BUF-LAC,2026,3,2026 Week 3,13,BUF,LAC,74.09,-340.0,1.294,1000.0,1294.0,294.0,2026-09-27T02:49:28+00:00,Settled,BUF,Win,1294.12,294.12
2026-03-SEA-WAS,2026,3,2026 Week 3,14,SEA,WAS,75.72,-375.0,1.267,1000.0,1267.0,267.0,2026-09-27T02:49:28+00:00,Settled,WAS,Loss,0.0,-1000.0
2026-03-ARI-SF,2026,3,2026 Week 3,15,SF,ARI,76.0,-380.0,1.263,1000.0,1263.0,263.0,2026-09-27T02:49:28+00:00,Settled,SF,Win,1263.16,263.16
2026-03-KC-MIA,2026,3,2026 Week 3,16,KC,MIA,81.73,-575.0,1.174,1000.0,1174.0,174.0,2026-09-27T02:49:28+00:00,Settled,KC,Win,1173.91,173.91
2026-04-ATL-NO,2026,4,2026 Week 4,2,NO,ATL,54.27,-130.0,1.769,1000.0,1769.0,769.0,2026-10-04T04:48:33+00:00,Pending,,,,
2026-04-ARI-NYG,2026,4,2026 Week 4,3,ARI,NYG,55.14,-135.0,1.741,1000.0,1741.0,741.0,2026-10-04T04:48:33+00:00,Pending,,,,
2026-04-CIN-JAX,2026,4,2026 Week 4,4,CIN,JAX,56.35,-142.0,1.704,1000.0,1704.0,704.0,2026-10-04T04:48:33+00:00,Pending,,,,
2026-04-DEN-SF,2026,4,2026 Week 4,5,SF,DEN,57.21,-148.0,1.676,1000.0,1676.0,676.0,2026-10-04T04:48:33+00:00,Pending,,,,
2026-04-DAL-HOU,2026,4,2026 Week 4,6,HOU,DAL,58.3,-155.0,1.645,1000.0,1645.0,645.0,2026-10-04T04:48:33+00:00,Pending,,,,
2026-04-GB-TB,2026,4,2026 Week 4,7,GB,TB,59.96,-166.0,1.602,1000.0,1602.0,602.0,2026-10-04T04:48:33+00:00,Pending,,,,
2026-04-LA-PHI,2026,4,2026 Week 4,8,LA,PHI,61.64,-180.0,1.556,1000.0,1556.0,556.0,2026-10-04T04:48:33+00:00,Pending,,,,
2026-04-CHI-NYJ,2026,4,2026 Week 4,9,CHI,NYJ,62.25,-185.0,1.541,1000.0,1541.0,541.0,2026-10-04T04:48:33+00:00,Pending,,,,
2026-04-CAR-DET,2026,4,2026 Week 4,10,DET,CAR,63.09,-192.0,1.521,1000.0,1521.0,521.0,2026-10-04T04:48:33+00:00,Pending,,,,
2026-04-IND-WAS,2026,4,2026 Week 4,11,IND,WAS,64.47,-205.0,1.488,1000.0,1488.0,488.0,2026-10-04T04:48:33+00:00,Pending,,,,
2026-04-KC-LV,2026,4,2026 Week 4,12,KC,LV,66.36,-225.0,1.444,1000.0,1444.0,444.0,2026-10-04T04:48:33+00:00,Pending,,,,
2026-04-BUF-NE,2026,4,2026 Week 4,13,BUF,NE,72.21,-305.0,1.328,1000.0,1328.0,328.0,2026-10-04T04:48:33+00:00,Pending,,,,
2026-04-LAC-SEA,2026,4,2026 Week 4,14,SEA,LAC,75.72,-375.0,1.267,1000.0,1267.0,267.0,2026-10-04T04:48:33+00:00,Pending,,,,
2026-04-MIA-MIN,2026,4,2026 Week 4,15,MIN,MIA,80.43,-520.0,1.192,1000.0,1192.0,192.0,2026-10-04T04:48:33+00:00,Pending,,,,
2026-04-BAL-TEN,2026,4,2026 Week 4,16,BAL,TEN,84.0,-700.0,1.143,1000.0,1143.0,143.0,2026-10-04T04:48:33+00:00,Pending,,,,
