season,week_number,week,rank,pick,opponent,odds,decimal_price,probability,confidence
2026,4,2026 Week 4,16,BAL,TEN,-700,1.143,84.0,84.0
2026,4,2026 Week 4,15,MIN,MIA,-520,1.192,80.43,80.43
2026,4,2026 Week 4,14,SEA,LAC,-375,1.267,75.72,75.72
2026,4,2026 Week 4,13,BUF,NE,-305,1.328,72.21,72.21
2026,4,2026 Week 4,12,KC,LV,-225,1.444,66.36,66.36
2026,4,2026 Week 4,11,IND,WAS,-205,1.488,64.47,64.47
2026,4,2026 Week 4,10,DET,CAR,-192,1.521,63.09,63.09
2026,4,2026 Week 4,9,CHI,NYJ,-185,1.541,62.25,62.25
2026,4,2026 Week 4,8,LA,PHI,-180,1.556,61.64,61.64
2026,4,2026 Week 4,7,GB,TB,-166,1.602,59.96,59.96
2026,4,2026 Week 4,6,HOU,DAL,-155,1.645,58.3,58.3
2026,4,2026 Week 4,5,SF,DEN,-148,1.676,57.21,57.21
2026,4,2026 Week 4,4,CIN,JAX,-142,1.704,56.35,56.35
2026,4,2026 Week 4,3,ARI,NYG,-135,1.741,55.14,55.14
2026,4,2026 Week 4,2,NO,ATL,-130,1.769,54.27,54.27
